System Info: Java 17 (Java HotSpot(TM) 64-Bit Server VM 17.0.11+7-LTS-207) Host: Windows 11 10.0 (amd64)
Loading libraries, please wait...
2026-09-05 15:04:48,396 main WARN Advanced terminal features are not available in this environment
[15:04:52 INFO]: Environment: authHost='https://authserver.mojang.com', accountsHost='https://api.mojang.com', sessionHost='https://sessionserver.mojang.com', servicesHost='https://api.minecraftservices.com', name='PROD'
[15:04:53 INFO]: Reloading ResourceManager: Default, bukkit
[15:04:53 INFO]: Loaded 7 recipes
[15:04:55 INFO]: Starting minecraft server version 1.16.5
[15:04:55 INFO]: Loading properties
[15:04:55 INFO]: This server is running Purpur version git-Purpur-1171 (MC: 1.16.5) (Implementing API version 1.16.5-R0.1-SNAPSHOT)
[15:04:55 INFO]: Debug logging is disabled
[15:04:55 INFO]: Server Ping Player Sample Count: 12
[15:04:55 INFO]: Using 4 threads for Netty based IO
[15:04:56 INFO]: Default game type: SURVIVAL
[15:04:56 INFO]: Generating keypair
[15:04:56 INFO]: Starting Minecraft server on 0.0.0.0:25565
[15:04:56 INFO]: Using default channel type
[15:04:56 INFO]: Tuinity: Using Java 11 compression from Velocity.
[15:04:56 INFO]: Tuinity: Using Java cipher from Velocity.
[15:04:56 ERROR]: Ambiguous plugin name `Triton' for files `plugins\Triton-v3.12.1.jar' and `plugins\Triton-3.12.4-all.jar' in `plugins'
[15:04:57 WARN]: Initializing Legacy Material Support. Unless you have legacy plugins and/or data this is a bug!
[15:05:00 WARN]: Legacy plugin MultiWorld v5.2.8 does not specify an api-version.
[15:05:00 INFO]: [LagFixer] Loading 3 libraries... please wait
[15:05:00 INFO]: [LagFixer] Loaded library D:\черные делишки\FT-1.0.9\FunTime - 1.0.9\libraries\org\apache\commons\commons-lang3\3.17.0\commons-lang3-3.17.0.jar
[15:05:00 INFO]: [LagFixer] Loaded library D:\черные делишки\FT-1.0.9\FunTime - 1.0.9\libraries\commons-io\commons-io\2.19.0\commons-io-2.19.0.jar
[15:05:00 INFO]: [LagFixer] Loaded library D:\черные делишки\FT-1.0.9\FunTime - 1.0.9\libraries\com\github\oshi\oshi-core\6.8.0\oshi-core-6.8.0.jar
[15:05:00 INFO]: [LagFixer] Loaded library D:\черные делишки\FT-1.0.9\FunTime - 1.0.9\libraries\net\java\dev\jna\jna\5.17.0\jna-5.17.0.jar
[15:05:00 INFO]: [LagFixer] Loaded library D:\черные делишки\FT-1.0.9\FunTime - 1.0.9\libraries\net\java\dev\jna\jna-platform\5.17.0\jna-platform-5.17.0.jar
[15:05:00 INFO]: [LagFixer] Loaded library D:\черные делишки\FT-1.0.9\FunTime - 1.0.9\libraries\org\slf4j\slf4j-api\2.0.17\slf4j-api-2.0.17.jar
[15:05:00 WARN]: Legacy plugin WorldBorder v1.8.7 does not specify an api-version.
[15:05:00 INFO]: [PlayerPoints] Loading 2 libraries... please wait
[15:05:00 INFO]: [PlayerPoints] Loaded library D:\черные делишки\FT-1.0.9\FunTime - 1.0.9\libraries\com\mysql\mysql-connector-j\9.1.0\mysql-connector-j-9.1.0.jar
[15:05:00 INFO]: [PlayerPoints] Loaded library D:\черные делишки\FT-1.0.9\FunTime - 1.0.9\libraries\com\google\protobuf\protobuf-java\4.26.1\protobuf-java-4.26.1.jar
[15:05:00 INFO]: [PlayerPoints] Loaded library D:\черные делишки\FT-1.0.9\FunTime - 1.0.9\libraries\org\xerial\sqlite-jdbc\3.46.0.0\sqlite-jdbc-3.46.0.0.jar
[15:05:00 INFO]: [PlayerPoints] Loaded library D:\черные делишки\FT-1.0.9\FunTime - 1.0.9\libraries\org\slf4j\slf4j-api\1.7.36\slf4j-api-1.7.36.jar
[15:05:02 WARN]: Legacy plugin DevKillerMoney v1.0.0 does not specify an api-version.
[15:05:02 WARN]: Legacy plugin DevCooldown v1.0.4 does not specify an api-version.
[15:05:02 INFO]: [AbstractMenus] Loading 1 libraries... please wait
[15:05:02 INFO]: [AbstractMenus] Loaded library D:\черные делишки\FT-1.0.9\FunTime - 1.0.9\libraries\org\openjdk\nashorn\nashorn-core\15.3\nashorn-core-15.3.jar
[15:05:02 INFO]: [AbstractMenus] Loaded library D:\черные делишки\FT-1.0.9\FunTime - 1.0.9\libraries\org\ow2\asm\asm\7.3.1\asm-7.3.1.jar
[15:05:02 INFO]: [AbstractMenus] Loaded library D:\черные делишки\FT-1.0.9\FunTime - 1.0.9\libraries\org\ow2\asm\asm-commons\7.3.1\asm-commons-7.3.1.jar
[15:05:02 INFO]: [AbstractMenus] Loaded library D:\черные делишки\FT-1.0.9\FunTime - 1.0.9\libraries\org\ow2\asm\asm-analysis\7.3.1\asm-analysis-7.3.1.jar
[15:05:02 INFO]: [AbstractMenus] Loaded library D:\черные делишки\FT-1.0.9\FunTime - 1.0.9\libraries\org\ow2\asm\asm-tree\7.3.1\asm-tree-7.3.1.jar
[15:05:02 INFO]: [AbstractMenus] Loaded library D:\черные делишки\FT-1.0.9\FunTime - 1.0.9\libraries\org\ow2\asm\asm-util\7.3.1\asm-util-7.3.1.jar
[15:05:02 INFO]: [BattlePass] Loading 3 libraries... please wait
[15:05:02 INFO]: [BattlePass] Loaded library D:\черные делишки\FT-1.0.9\FunTime - 1.0.9\libraries\org\apache\commons\commons-lang3\3.12.0\commons-lang3-3.12.0.jar
[15:05:02 INFO]: [BattlePass] Loaded library D:\черные делишки\FT-1.0.9\FunTime - 1.0.9\libraries\com\zaxxer\HikariCP\3.4.5\HikariCP-3.4.5.jar
[15:05:02 INFO]: [BattlePass] Loaded library D:\черные делишки\FT-1.0.9\FunTime - 1.0.9\libraries\org\slf4j\slf4j-api\1.7.25\slf4j-api-1.7.25.jar
[15:05:02 INFO]: [TerraformGenerator] Loading TerraformGenerator v12.0.0
[15:05:02 INFO]: [fmPotionStacker] Loading fmPotionStacker v1.3
[15:05:02 INFO]: [PlaceholderAPI] Loading PlaceholderAPI v2.11.7
[15:05:02 INFO]: [HolographicDisplays] Loading HolographicDisplays v3.0.4
[15:05:02 INFO]: [MultiWorld] Loading MultiWorld v5.2.8
[15:05:02 INFO]: [ViaVersion] Loading ViaVersion v5.7.0
[15:05:02 INFO]: [ViaVersion] ViaVersion 5.7.0 is now loaded. Registering protocol transformers and injecting...
[15:05:03 INFO]: [ViaVersion] Loading block connection mappings ...
[15:05:03 INFO]: [ViaVersion] Using FastUtil Long2ObjectOpenHashMap for block connections
[15:05:04 INFO]: [NBTAPI] Loading NBTAPI v2.15.5
[15:05:04 INFO]: [NBTAPI] bStats disabled
[15:05:04 INFO]: [NBTAPI] Update check disabled
[15:05:04 INFO]: [NBTAPI] [NBTAPI] Found Minecraft: v1_16_R3! Trying to find NMS support
[15:05:04 INFO]: [NBTAPI] [NBTAPI] NMS support 'MC1_16_R3' loaded!
[15:05:04 INFO]: [HideStream] Loading HideStream v3.10
[15:05:04 INFO]: [LuckPerms] Loading LuckPerms v5.5.22
[15:05:04 INFO]: [LuckPerms] Loading configuration...
[15:05:04 INFO]: [DecentHolograms] Loading DecentHolograms v2.8.14
[15:05:04 INFO]: [RE4TNT] Loading RE4TNT v2.0
[15:05:04 INFO]: [CMILib] Loading CMILib v1.5.8.2
[15:05:04 INFO]: [[38;5;11m⚡[0m] Loading LagFixer v1.4.30 [build 123][0m
[15:05:04 INFO]: [WorldBorder] Loading WorldBorder v1.8.7
[15:05:04 INFO]: [LiteBans] Loading LiteBans v2.17.2
[15:05:04 INFO]: [ProtocolLib] Loading ProtocolLib v5.4.0
[15:05:04 INFO]: [NoPlayerHeadDrop] Loading NoPlayerHeadDrop v1.0
[15:05:04 INFO]: [FunReports] Loading FunReports v1.0-RELEASE
[15:05:04 INFO]: [FunUtils] Loading FunUtils v1.0
[15:05:04 INFO]: [Vault] Loading Vault v1.7.3-b131
[15:05:04 INFO]: [TokenManager] Loading TokenManager v3.2.8
[15:05:04 INFO]: [BottledExp] Loading BottledExp v3.2.4.0
[15:05:04 INFO]: [FunSpeculator] Loading FunSpeculator v2.4.7
[15:05:04 INFO]: [Chunky] Loading Chunky v1.3.38
[15:05:04 INFO]: [PlayerPoints] Loading PlayerPoints v3.3.3
[15:05:04 INFO]: [PlayerPoints] Initializing using RoseGarden v1.5.3
[15:05:04 INFO]: [CMI] Loading CMI v9.8.4.4
[15:05:04 INFO]: [DevLib] Loading DevLib v3.1.5
[15:05:04 INFO]: [Images] Loading Images v2.5.9
[15:05:04 INFO]: [CMIEInjector] Loading CMIEInjector v1.0.2.4
[15:05:04 INFO]: [MyCommand] Loading MyCommand v5.7.4
[15:05:04 INFO]: [Chatty] Loading Chatty v2.19.14
[15:05:04 INFO]: [WorldEdit] Loading WorldEdit v7.2.5+57d5ac9
[15:05:05 INFO]: Got request to register class com.sk89q.worldedit.bukkit.BukkitServerInterface with WorldEdit [com.sk89q.worldedit.extension.platform.PlatformManager@50edb6]
[15:05:05 INFO]: [BetterTalismans] Loading BetterTalismans v0.8-BETA
[15:05:05 INFO]: [ACubelets] Loading ACubelets v2.5.0
[15:05:05 INFO]: [LPX] Loading LPX v3.6.12
[15:05:06 WARN]: [LiteBans] Loaded class com.comphenix.protocol.events.PacketAdapter from ProtocolLib v5.4.0 which is not a depend, softdepend or loadbefore of this plugin.
[15:05:07 INFO]: [SpookyCasino] Loading SpookyCasino v1.0
[15:05:07 INFO]: [DevMines] Loading DevMines v1.0.0
[15:05:07 INFO]: [ajLeaderboards] Loading ajLeaderboards v2.10.1
[15:05:07 INFO]: [ajLeaderboards] Verifying checksum for gson
[15:05:07 INFO]: [ajLeaderboards] Checksum matched for gson
[15:05:07 INFO]: [ajLeaderboards] Verifying checksum for jar-relocator
[15:05:07 INFO]: [ajLeaderboards] Checksum matched for jar-relocator
[15:05:07 INFO]: [ajLeaderboards] Verifying checksum for asm
[15:05:07 INFO]: [ajLeaderboards] Checksum matched for asm
[15:05:07 INFO]: [ajLeaderboards] Verifying checksum for asm-commons
[15:05:07 INFO]: [ajLeaderboards] Checksum matched for asm-commons
[15:05:07 INFO]: [ajLeaderboards] Verifying checksum for gson
[15:05:07 INFO]: [ajLeaderboards] Checksum matched for gson
[15:05:07 INFO]: [ajLeaderboards] Verifying checksum for HikariCP
[15:05:07 INFO]: [ajLeaderboards] Checksum matched for HikariCP
[15:05:07 INFO]: [ajLeaderboards] Verifying checksum for slf4j-api
[15:05:07 INFO]: [ajLeaderboards] Checksum matched for slf4j-api
[15:05:07 INFO]: [ajLeaderboards] Verifying checksum for h2
[15:05:07 INFO]: [ajLeaderboards] Checksum matched for h2
[15:05:07 INFO]: [ajLeaderboards] Verifying checksum for okhttp
[15:05:07 INFO]: [ajLeaderboards] Checksum matched for okhttp
[15:05:07 INFO]: [ajLeaderboards] Verifying checksum for okio
[15:05:07 INFO]: [ajLeaderboards] Checksum matched for okio
[15:05:07 INFO]: [ajLeaderboards] Verifying checksum for okio-jvm
[15:05:07 INFO]: [ajLeaderboards] Checksum matched for okio-jvm
[15:05:07 INFO]: [ajLeaderboards] Verifying checksum for kotlin-stdlib-jdk8
[15:05:07 INFO]: [ajLeaderboards] Checksum matched for kotlin-stdlib-jdk8
[15:05:07 INFO]: [ajLeaderboards] Verifying checksum for kotlin-stdlib
[15:05:07 INFO]: [ajLeaderboards] Checksum matched for kotlin-stdlib
[15:05:07 INFO]: [ajLeaderboards] Verifying checksum for kotlin-stdlib-common
[15:05:07 INFO]: [ajLeaderboards] Checksum matched for kotlin-stdlib-common
[15:05:07 INFO]: [ajLeaderboards] Verifying checksum for annotations
[15:05:07 INFO]: [ajLeaderboards] Checksum matched for annotations
[15:05:07 INFO]: [ajLeaderboards] Verifying checksum for kotlin-stdlib-jdk7
[15:05:07 INFO]: [ajLeaderboards] Checksum matched for kotlin-stdlib-jdk7
[15:05:07 INFO]: [TAB] Loading TAB v5.3.2
[15:05:07 INFO]: [SpookyStash] Loading SpookyStash v1.0
[15:05:07 INFO]: [BLib] Loading BLib v1.0.9
[15:05:07 INFO]: [BLib] set api
[15:05:07 INFO]: [DevKillerMoney] Loading DevKillerMoney v1.0.0
[15:05:07 INFO]: [DevCooldown] Loading DevCooldown v1.0.4
[15:05:07 INFO]: [WorldGuard] Loading WorldGuard v7.0.4+f7ff984
[15:05:07 INFO]: [FunEvents] Loading FunEvents v3.0.1
[15:05:07 INFO]: [SCore] Loading SCore v4.24.6.2
[15:05:07 INFO]: [antiRedstoneClock] Loading antiRedstoneClock v1.5.0
[15:05:07 WARN]: [antiRedstoneClock] WorldGuard 7 is not supported
[15:05:07 INFO]: [Duels] Loading Duels v3.5.3
[15:05:07 INFO]: [BetterRTP] Loading BetterRTP v3.6.13
[15:05:07 INFO]: [AdvancedEnchantments] Loading AdvancedEnchantments v9.1.5
[15:05:07 INFO]: [ExecutableItems] Loading ExecutableItems v6.24.6.2
[15:05:07 INFO]: [Citizens] Loading Citizens v2.0.35-SNAPSHOT (build 3473)
[15:05:07 INFO]: [FunBeacon] Loading FunBeacon v1.1
[15:05:07 INFO]: [BAuction] Loading BAuction v1.3.1
[15:05:07 INFO]: [utilm] Loading utilm v1.0.63
[15:05:07 INFO]: [Triton] Loading Triton v3.12.1
[15:05:07 INFO]: [AbstractMenus] Loading AbstractMenus v1.16.7
[15:05:07 INFO]: [BattlePass] Loading BattlePass v4.3.6
[15:05:07 INFO]: [mcAntiReLog] Loading mcAntiReLog v1.1.21
[15:05:07 INFO]: [mcBuyer] Loading mcBuyer v1.0.21
[15:05:07 INFO]: [mcMenu] Loading mcMenu v1.0.17
[15:05:07 INFO]: [mcRegion] Loading mcRegion v1.0.51
[15:05:07 INFO]: [mcClans] Loading mcClans v1.0.34
[15:05:07 INFO]: [mcEnchants] Loading mcEnchants v1.0.20
[15:05:07 INFO]: [mcItems] Loading mcItems v1.0.42
[15:05:07 INFO]: Server permissions file permissions.yml is empty, ignoring it
[15:05:07 INFO]: [TerraformGenerator] Enabling TerraformGenerator v12.0.0
[15:05:07 INFO]: [TerraformGenerator] Custom Logger Initialized
[15:05:07 INFO]: [TerraformGenerator] bStats Metrics disabled.
[15:05:08 INFO]: [TerraformGenerator] Detected version: v1_16_R3, number: 16.3
[15:05:08 INFO]: [LuckPerms] Enabling LuckPerms v5.5.22
[15:05:08 INFO]:         __    
[15:05:08 INFO]:   |    |__)   LuckPerms v5.5.22
[15:05:08 INFO]:   |___ |      Running on Bukkit - Purpur
[15:05:08 INFO]: 
[15:05:09 INFO]: [LuckPerms] Loading storage provider... [H2]
[15:05:09 INFO]: [LuckPerms] Loading internal permission managers...
[15:05:09 INFO]: [LuckPerms] Performing initial data load...
[15:05:10 INFO]: [LuckPerms] Successfully enabled. (took 1874ms)
[15:05:10 INFO]: [ProtocolLib] Enabling ProtocolLib v5.4.0
[15:05:10 INFO]: [Vault] Enabling Vault v1.7.3-b131
[15:05:10 INFO]: [Vault] [Permission] SuperPermissions loaded as backup permission system.
[15:05:10 INFO]: [Vault] Enabled Version 1.7.3-b131
[15:05:10 INFO]: [LuckPerms] Registered Vault permission & chat hook.
[15:05:10 INFO]: [PlayerPoints] Enabling PlayerPoints v3.3.3
[15:05:10 INFO]: [PlayerPoints] Data handler connected using SQLite.
[15:05:10 INFO]: [CMIEInjector] Enabling CMIEInjector v1.0.2.4
[15:05:10 INFO]: [CMIEInjector] Injecting CMI Economy
[15:05:10 INFO]: [CMIEInjector] [Economy] CMI Economy found: Waiting
[15:05:10 INFO]: [WorldEdit] Enabling WorldEdit v7.2.5+57d5ac9
[15:05:10 INFO]: WEPIF: Vault detected! Using Vault for permissions
[15:05:11 INFO]: Using com.sk89q.worldedit.bukkit.adapter.impl.Spigot_v1_16_R3 as the Bukkit adapter
[15:05:11 WARN]: **** SERVER IS RUNNING IN OFFLINE/INSECURE MODE!
[15:05:11 WARN]: The server will make no attempt to authenticate usernames. Beware.
[15:05:11 WARN]: While this makes the game possible to play without internet access, it also opens up the ability for hackers to connect with any username they choose.
[15:05:11 WARN]: You will not be offered any support as long as the server allows offline-mode players to join.
[15:05:11 WARN]: To change this, set "online-mode" to "true" in the server.properties file.
[15:05:11 INFO]: Preparing level "world"
[15:05:12 INFO]: Registering commands with com.sk89q.worldedit.bukkit.BukkitServerInterface
[15:05:12 INFO]: [TerraformGenerator] Detected world: world, commencing injection... 
[15:05:12 INFO]: [TerraformGenerator] IRON_ORE was configured to use Y <= 0! Reverting ore configuration to hardcoded 1.16 values.
[15:05:12 INFO]: [TerraformGenerator] GOLD_ORE was configured to use Y <= 0! Reverting ore configuration to hardcoded 1.16 values.
[15:05:12 INFO]: [TerraformGenerator] GOLD_ORE was configured to use Y <= 0! Reverting ore configuration to hardcoded 1.16 values.
[15:05:12 INFO]: [TerraformGenerator] DIAMOND_ORE was configured to use Y <= 0! Reverting ore configuration to hardcoded 1.16 values.
[15:05:12 INFO]: [TerraformGenerator] EMERALD_ORE was configured to use Y <= 0! Reverting ore configuration to hardcoded 1.16 values.
[15:05:12 INFO]: [TerraformGenerator] LAPIS_ORE was configured to use Y <= 0! Reverting ore configuration to hardcoded 1.16 values.
[15:05:12 INFO]: [TerraformGenerator] REDSTONE_ORE was configured to use Y <= 0! Reverting ore configuration to hardcoded 1.16 values.
[15:05:12 INFO]: [TerraformGenerator] GRAVEL was configured to use Y <= 0! Reverting ore configuration to hardcoded 1.16 values.
[15:05:12 INFO]: [TerraformGenerator] ANDESITE was configured to use Y <= 0! Reverting ore configuration to hardcoded 1.16 values.
[15:05:12 INFO]: [TerraformGenerator] DIORITE was configured to use Y <= 0! Reverting ore configuration to hardcoded 1.16 values.
[15:05:12 INFO]: [TerraformGenerator] GRANITE was configured to use Y <= 0! Reverting ore configuration to hardcoded 1.16 values.
[15:05:12 INFO]: [TerraformGenerator] Injection success! Proceeding with generation.
[15:05:12 INFO]: Preparing start region for dimension minecraft:overworld
[15:05:12 INFO]: Time elapsed: 185 ms
[15:05:12 INFO]: [TerraformGenerator] world loaded.
[15:05:12 INFO]: Preparing start region for dimension minecraft:the_nether
[15:05:13 INFO]: Time elapsed: 15 ms
[15:05:13 INFO]: Preparing start region for dimension minecraft:the_end
[15:05:13 INFO]: Time elapsed: 15 ms
[15:05:13 INFO]: [fmPotionStacker] Enabling fmPotionStacker v1.3
[15:05:13 INFO]: 
[15:05:13 INFO]: » Плагин fmPotionStacker включился!
[15:05:13 INFO]: » Версия: v1.3
[15:05:13 INFO]: 
[15:05:13 INFO]: [PlaceholderAPI] Enabling PlaceholderAPI v2.11.7
[15:05:13 INFO]: [PlaceholderAPI] Fetching available expansion information...
[15:05:13 INFO]: [HolographicDisplays] Enabling HolographicDisplays v3.0.4
[15:05:13 INFO]: [MultiWorld] Enabling MultiWorld v5.2.8*
[15:05:13 INFO]: Preparing start region for dimension minecraft:duels
[15:05:13 INFO]: Preparing spawn area: 0%
[15:05:14 INFO]: Time elapsed: 286 ms
[15:05:14 INFO]: Preparing start region for dimension minecraft:event
[15:05:14 INFO]: Preparing spawn area: 0%
[15:05:14 INFO]: Time elapsed: 19 ms
[15:05:14 INFO]: Preparing start region for dimension minecraft:lobby
[15:05:14 INFO]: Preparing spawn area: 0%
[15:05:14 INFO]: Time elapsed: 51 ms
[15:05:14 INFO]: [MultiWorld] v5.2.8 enabled.
[15:05:14 INFO]: [ViaVersion] Enabling ViaVersion v5.7.0
[15:05:14 INFO]: [ViaVersion] ViaVersion detected server version: 1.16.4-1.16.5 (754)
[15:05:14 WARN]: [ViaVersion] Please update your Java runtime to at least Java 21 (your version is 17.0.11).
[15:05:14 WARN]: [ViaVersion] At some point in the future, ViaVersion will no longer be compatible with this version of Java.
[15:05:14 INFO]: [NBTAPI] Enabling NBTAPI v2.15.5
[15:05:14 INFO]: [NBTAPI] Checking bindings...
[15:05:14 INFO]: [NBTAPI] All Classes were able to link!
[15:05:14 INFO]: [NBTAPI] All Methods were able to link!
[15:05:14 INFO]: [NBTAPI] Running NBT reflection test...
[15:05:14 INFO]: [NBTAPI] Success! This version of NBT-API is compatible with your server.
[15:05:14 INFO]: [HideStream] Enabling HideStream v3.10
[15:05:14 INFO]: [HideStream] Version 3.10 enabled. (Metrics: false. CheckForUpdates: true)
[15:05:14 INFO]: [DecentHolograms] Enabling DecentHolograms v2.8.14
[15:05:15 INFO]: [NBTAPI] [NBTAPI] Found Minecraft: v1_16_R3! Trying to find NMS support
[15:05:15 INFO]: [NBTAPI] [NBTAPI] NMS support 'MC1_16_R3' loaded!
[15:05:15 INFO]: [NBTAPI] [NBTAPI] Using the plugin 'DecentHolograms' to create a bStats instance!
[15:05:15 INFO]: [RE4TNT] Enabling RE4TNT v2.0
[15:05:15 INFO]: [RE4TNT]
[15:05:15 INFO]: [RE4TNT] Docs: https://re4erka.gitbook.io/re4tnt-2.0/
[15:05:15 INFO]: [RE4TNT]
[15:05:15 INFO]: [RE4TNT] Used Paper for EventType
[15:05:15 INFO]: [RE4TNT] plugin enabled using key 'Leaked-Minecraft.pro'.
[15:05:15 INFO]: [CMILib] Enabling CMILib v1.5.8.2
[15:05:16 INFO]: Server version: v1_16_R3 - 1.16.5 - purpur  git-Purpur-1171 (MC: 1.16.5)
[15:05:16 INFO]: CMI hooked.
[15:05:16 INFO]: [PlaceholderAPI] Successfully registered internal expansion: cmil [1.5.8.2]
[15:05:16 INFO]: PlaceholderAPI hooked.
[15:05:16 INFO]: Updated (EN) language file. Took 32ms
[15:05:16 INFO]: Updated (RU) language file. Took 17ms
[15:05:16 INFO]: [[38;5;11m⚡[0m] Enabling LagFixer v1.4.30 [build 123][0m
[15:05:16 INFO]: [[38;5;11m⚡[0m] [38;5;15mRemember to leave a rating![0m [38;5;11m[1m★ ★ ★ ★ ★





[38;5;15mLagFixer - Best Performance Solution![0m
░░░░░░░░░░░░░░░░░░░░░░░░░░░░░░░░░░░░░░░░░░░░░░░░░░░░░░░░░░░░░░░░
░██╗░░░░░░█████╗░░██████╗░░░███████╗██╗██╗░░██╗███████╗██████╗░░
░██║░░░░░██╔══██╗██╔════╝░░░██╔════╝██║╚██╗██╔╝██╔════╝██╔══██╗░
░██║░░░░░███████║██║░░██╗░░░█████╗░░██║░╚███╔╝░█████╗░░██████╔╝░
░██║░░░░░██╔══██║██║░░╚██╗░░██╔══╝░░██║░██╔██╗░██╔══╝░░██╔══██╗░
░███████╗██║░░██║╚██████╔╝░░██║░░░░░██║██╔╝╚██╗███████╗██║░░██║░
░╚══════╝╚═╝░░╚═╝░╚═════╝░░░╚═╝░░░░░╚═╝╚═╝░░╚═╝╚══════╝╚═╝░░╚═╝░
░░░░░░░░░░░░░░░░░░░░░░░░░░░░░░░░░░░░░░░░░░░░░░░░░░░░░░░░░░░░░░░░




[0m
[15:05:16 INFO]: [[38;5;11m⚡[0m] [38;5;8m([38;5;11mErrorsManager[38;5;8m) [38;5;246m-> [38;5;15mEnabling manager...[0m
[15:05:16 INFO]: [[38;5;11m⚡[0m]  [38;5;8m• [0mStarted listening console for LagFixer errors![0m
[15:05:16 INFO]: [[38;5;11m⚡[0m] [38;5;8m([38;5;11mErrorsManager[38;5;8m) [38;5;246m-> [38;5;15mEnabled manager in [38;5;11m4ms[38;5;15m![0m
[15:05:16 INFO]: [[38;5;11m⚡[0m] [38;5;8m([38;5;11mSupportManager[38;5;8m) [38;5;246m-> [38;5;15mEnabling manager...[0m
[15:05:16 INFO]: [[38;5;11m⚡[0m]  [38;5;8m• [0mLoaded fork support ~ xyz.lychee.lagfixer.support.Spigot[0m
[15:05:16 INFO]: [[38;5;11m⚡[0m]  [38;5;8m• [0mLoaded nms support ~ xyz.lychee.lagfixer.nms.v1_16_R3.SupportNms[0m
[15:05:16 INFO]: [[38;5;11m⚡[0m] [38;5;8m([38;5;11mSupportManager[38;5;8m) [38;5;246m-> [38;5;15mEnabled manager in [38;5;11m7ms[38;5;15m![0m
[15:05:16 INFO]: [[38;5;11m⚡[0m] [38;5;8m([38;5;11mConfigManager[38;5;8m) [38;5;246m-> [38;5;15mEnabling manager...[0m
[15:05:16 INFO]: [[38;5;11m⚡[0m] [38;5;8m([38;5;11mConfigManager[38;5;8m) [38;5;246m-> [38;5;15mEnabled manager in [38;5;11m88ms[38;5;15m![0m
[15:05:16 INFO]: [[38;5;11m⚡[0m] [38;5;8m([38;5;11mHookManager[38;5;8m) [38;5;246m-> [38;5;15mEnabling manager...[0m
[15:05:16 INFO]: [PlaceholderAPI] Successfully registered internal expansion: lagfixer [1.4.30 [build 123]]
[15:05:16 INFO]: [[38;5;11m⚡[0m]  [38;5;8m• [0mSuccessfully loaded hook PlaceholderAPI in 2ms![0m
[15:05:16 INFO]: [[38;5;11m⚡[0m] [38;5;8m([38;5;11mHookManager[38;5;8m) [38;5;246m-> [38;5;15mEnabled manager in [38;5;11m2ms[38;5;15m![0m
[15:05:16 INFO]: [[38;5;11m⚡[0m] [38;5;8m([38;5;11mMetricsManager[38;5;8m) [38;5;246m-> [38;5;15mEnabling manager...[0m
[15:05:16 INFO]: [[38;5;11m⚡[0m] [38;5;8m([38;5;11mMetricsManager[38;5;8m) [38;5;246m-> [38;5;15mEnabled manager in [38;5;11m5ms[38;5;15m![0m
[15:05:16 INFO]: [[38;5;11m⚡[0m] [38;5;8m([38;5;11mUpdaterManager[38;5;8m) [38;5;246m-> [38;5;15mEnabling manager...[0m
[15:05:16 INFO]: [[38;5;11m⚡[0m] [38;5;8m([38;5;11mUpdaterManager[38;5;8m) [38;5;246m-> [38;5;15mEnabled manager in [38;5;11m1ms[38;5;15m![0m
[15:05:16 INFO]: [[38;5;11m⚡[0m] [38;5;8m([38;5;11mModuleManager[38;5;8m) [38;5;246m-> [38;5;15mEnabling manager...[0m
[15:05:16 INFO]: [[38;5;11m⚡[0m]  [38;5;8m• [0mSuccessfully loaded module RedstoneLimiter in 2ms.[0m
[15:05:16 INFO]: [[38;5;11m⚡[0m]  [38;5;8m• [0mSuccessfully loaded module InstantLeafDecay in 2ms.[0m
[15:05:16 WARN]: [[38;5;11m⚡[0m] Unknown "EntityType" enum value: GLOW_SQUID[0m
[15:05:16 WARN]: [[38;5;11m⚡[0m] Unknown "EntityType" enum value: EXPERIENCE_BOTTLE[0m
[15:05:16 WARN]: [[38;5;11m⚡[0m] Unknown "EntityType" enum value: POTION[0m
[15:05:16 WARN]: [[38;5;11m⚡[0m] Unknown "EntityType" enum value: LINGERING_POTION[0m
[15:05:16 INFO]: [[38;5;11m⚡[0m]  [38;5;8m• [0mSuccessfully loaded module LagShield in 20ms.[0m
[15:05:16 WARN]: [[38;5;11m⚡[0m] Unknown "EntityType" enum value: MOOSHROOM[0m
[15:05:16 INFO]: [[38;5;11m⚡[0m]  [38;5;8m• [0mSuccessfully loaded module MobAiReducer in 15ms.[0m
[15:05:16 INFO]: [[38;5;11m⚡[0m]  [38;5;8m• [0mSuccessfully loaded module AbilityLimiter in 3ms.[0m
[15:05:16 INFO]: [[38;5;11m⚡[0m] [38;5;8m([38;5;11mModuleManager[38;5;8m) [38;5;246m-> [38;5;15mEnabled manager in [38;5;11m116ms[38;5;15m![0m
[15:05:16 INFO]: [[38;5;11m⚡[0m] [38;5;8m([38;5;11mCommandManager[38;5;8m) [38;5;246m-> [38;5;15mEnabling manager...[0m
[15:05:17 INFO]: [[38;5;11m⚡[0m] [38;5;8m([38;5;11mCommandManager[38;5;8m) [38;5;246m-> [38;5;15mEnabled manager in [38;5;11m69ms[38;5;15m![0m
[15:05:17 INFO]: [[38;5;11m⚡[0m] [38;5;15mRemember to leave a rating![0m [38;5;11m[1m★ ★ ★ ★ ★[0m
[15:05:17 INFO]: [[38;5;11m⚡[0m] [38;5;9m❤ [38;5;15mSupport us [38;5;11m[4mhttps://ko-fi.com/lajczik[0m
[15:05:17 INFO]: [WorldBorder] Enabling WorldBorder v1.8.7*
[15:05:17 INFO]: [WorldBorder] [CONFIG] Using elliptic/round border, knockback of 3.0 blocks, and timer delay of 5.
[15:05:17 INFO]: [WorldBorder] [CONFIG] Border-checking timed task started.
[15:05:17 INFO]: [WorldBorder] [CONFIG] World "duels1" has border radius 200 at X: -0,0 Z: 1,9
[15:05:17 INFO]: [WorldBorder] For reference, the main world's spawn location is at X: 48,0 Y: 64,0 Z: -144,0
[15:05:17 INFO]: [LiteBans] Enabling LiteBans v2.17.2
[15:05:17 INFO]: [LiteBans] Using default database drivers (version:8).
[15:05:17 INFO]: [LiteBans] Using system locale (ru)
[15:05:17 INFO]: [LiteBans] Loaded 2 templates from templates.yml!
[15:05:17 INFO]: [LiteBans] Loading: h2 1.4.197
[15:05:17 INFO]: [LiteBans] Connecting to database...
[15:05:17 INFO]: [LiteBans] Connected to H2 database successfully (152,2 ms).
[15:05:17 INFO]: [LiteBans] Database connection fully initialized (157,2 ms).
[15:05:17 INFO]: [LiteBans] v2.17.2 enabled. Startup took 163 ms.
[15:05:17 INFO]: [NoPlayerHeadDrop] Enabling NoPlayerHeadDrop v1.0
[15:05:17 INFO]: [NoPlayerHeadDrop] NoPlayerHeadDrop enabled
[15:05:17 INFO]: [FunReports] Enabling FunReports v1.0-RELEASE
[15:05:17 INFO]: [FunUtils] Enabling FunUtils v1.0
[15:05:17 WARN]: [FunUtils] Loaded class net.milkbowl.vault.economy.Economy from Vault v1.7.3-b131 which is not a depend, softdepend or loadbefore of this plugin.
[15:05:17 WARN]: [FunUtils] Loaded class net.luckperms.api.LuckPermsProvider from LuckPerms v5.5.22 which is not a depend, softdepend or loadbefore of this plugin.
[15:05:18 INFO]: [TokenManager] Enabling TokenManager v3.2.8
[15:05:18 INFO]: [TokenManager] Loaded Config.
[15:05:18 INFO]: [TokenManager] Loaded Lang.
[15:05:18 INFO]: [TokenManager] ===============================================
[15:05:18 INFO]: [TokenManager] TokenManager has detected your server as offline mode.
[15:05:18 INFO]: [TokenManager] DataManager will operate with Usernames.
[15:05:18 INFO]: [TokenManager] If your server is NOT in offline mode, please manually set online-mode in TokenManager's config.yml.
[15:05:18 INFO]: [TokenManager] ===============================================
[15:05:18 INFO]: [TokenManager] Loaded DataManager.
[15:05:18 INFO]: [TokenManager] Loaded ShopConfig.
[15:05:18 INFO]: [TokenManager] Loaded ShopManager.
[15:05:18 INFO]: [TokenManager] Loaded WorthConfig.
[15:05:18 INFO]: [PlaceholderAPI] Successfully registered internal expansion: tm [3.2.8]
[15:05:18 INFO]: [TokenManager] Successfully hooked into 'PlaceholderAPI'!
[15:05:18 INFO]: [TokenManager] Successfully hooked into 'Vault'!
[15:05:18 INFO]: [TokenManager] Loaded HookManager.
[15:05:18 INFO]: [BottledExp] Enabling BottledExp v3.2.4.0
[15:05:18 INFO]: [BottledExp] Version 3.2.4.0 has been enabled
[15:05:18 INFO]: [BottledExp] Using LuckPerms via Vault.
[15:05:18 INFO]: [FunSpeculator] Enabling FunSpeculator v2.4.7
[15:05:18 INFO]: PrimeSeller | ██████╗░██████╗░██╗███╗░░░███╗███████╗░██████╗███████╗██╗░░░░░██╗░░░░░███████╗██████╗░
[15:05:18 INFO]: PrimeSeller | ██╔══██╗██╔══██╗██║████╗░████║██╔════╝██╔════╝██╔════╝██║░░░░░██║░░░░░██╔════╝██╔══██╗
[15:05:18 INFO]: PrimeSeller | ██████╔╝██████╔╝██║██╔████╔██║█████╗░░╚█████╗░█████╗░░██║░░░░░██║░░░░░█████╗░░██████╔╝
[15:05:18 INFO]: PrimeSeller | ██╔═══╝░██╔══██╗██║██║╚██╔╝██║██╔══╝░░░╚═══██╗██╔══╝░░██║░░░░░██║░░░░░██╔══╝░░██╔══██╗
[15:05:18 INFO]: PrimeSeller | ██║░░░░░██║░░██║██║██║░╚═╝░██║███████╗██████╔╝███████╗███████╗███████╗███████╗██║░░██║
[15:05:18 INFO]: PrimeSeller | ╚═╝░░░░░╚═╝░░╚═╝╚═╝╚═╝░░░░░╚═╝╚══════╝╚═════╝░╚══════╝╚══════╝╚══════╝╚══════╝╚═╝░░╚═╝
[15:05:18 INFO]: PrimeSeller | ▀█░█▀ █▀▀ █▀▀█ █▀▀ ░▀░ █▀▀█ █▀▀▄ v2.4.7
[15:05:18 INFO]: PrimeSeller | ░█▄█░ █▀▀ █▄▄▀ ▀▀█ ▀█▀ █░░█ █░░█ | Developer: Telegram: @byteswing
[15:05:18 INFO]: PrimeSeller | ░░▀░░ ▀▀▀ ▀░▀▀ ▀▀▀ ▀▀▀ ▀▀▀▀ ▀░░▀ | Server version: (1.16.5)
[15:05:18 INFO]: [PlaceholderAPI] Successfully registered internal expansion: primeseller [1.0]
[15:05:18 INFO]: [Chunky] Enabling Chunky v1.3.38
[15:05:18 INFO]: [CMI] Enabling CMI v9.8.4.4
[15:05:18 INFO]: _______________________________________________________
[15:05:18 INFO]:  
[15:05:18 INFO]:  ██████╗███╗   ███╗██╗
[15:05:18 INFO]: ██╔════╝████╗ ████║██║
[15:05:18 INFO]: ██║     ██╔████╔██║██║
[15:05:18 INFO]: ██║     ██║╚██╔╝██║██║
[15:05:18 INFO]: ╚██████╗██║ ╚═╝ ██║██║
[15:05:18 INFO]:  ╚═════╝╚═╝     ╚═╝╚═╝
[15:05:18 INFO]: _______________________________________________________
[15:05:18 INFO]: Integrating PaperSpigot async methods
[15:05:18 INFO]: Vault found. (Loaded: true)
[15:05:18 INFO]: Citizens found. (Loaded: false)
[15:05:18 INFO]: Loaded (69) 23 Enabled and 46 Disabled modules into memory. Took 36ms
[15:05:18 INFO]: Loaded (1) portals into memory. Took 5ms
[15:05:18 INFO]: Initialized Cipher256 AES
[15:05:18 INFO]: Loaded (61) regular alias into memory. Took 35ms
[15:05:18 INFO]: Loaded (1) custom text's into memory. Took 2ms
[15:05:18 INFO]: (RandomTeleportation) Can't find world with (spawn) name
[15:05:18 INFO]: SQLite 3.34.0 data base type detected
[15:05:19 INFO]: Loaded (-) SqLite into memory. Took 130ms
[15:05:19 WARN]: [CMI] Loaded class net.milkbowl.vault.economy.Economy from Vault v1.7.3-b131 which is not a depend, softdepend or loadbefore of this plugin.
[15:05:19 INFO]: Vault was found - Enabling capabilities. Economy: CMIEconomy
[15:05:19 INFO]: Loaded (5) warning categories into memory. Took 1ms
[15:05:19 INFO]: Loaded (3) warning commands into memory. Took 0ms
[15:05:19 INFO]: Loaded (0) cooldowns into memory. Took 0ms
[15:05:19 INFO]: Loaded (131) custom mob heads into memory. Took 14ms
[15:05:19 INFO]: Initializing BungeeCord
[15:05:19 INFO]: Loaded (27) kits into memory. Took 120ms
[15:05:19 INFO]: Loaded (7) ranks into memory. Took 14ms
[15:05:19 INFO]: Loaded (109) saved items into memory. Took 31ms
[15:05:19 INFO]: Loaded (8) playtime rewards into memory. Took 2ms
[15:05:19 INFO]: Executed Player DB querry in 0ms
[15:05:19 INFO]: Loaded (2) player data into memory. Took 12ms
[15:05:19 INFO]: Loaded (0) playtime records into memory. Took 0ms
[15:05:19 INFO]: Loaded (0) playtime reward records into memory. Took 0ms
[15:05:19 INFO]: Loaded (24) custom alias into memory. Took 2ms
[15:05:19 INFO]: Loaded (-) Registered events into memory. Took 134ms
[15:05:19 INFO]: Loaded (1) event action commands into memory. Took 4ms
[15:05:20 INFO]: Loaded (EN) language file into memory. Took 89ms
[15:05:20 INFO]: Loaded (RU) language file into memory. Took 88ms
[15:05:20 WARN]: [CMILib] Loaded class com.Zrips.CMI.Containers.Snd from CMI v9.8.4.4 which is not a depend, softdepend or loadbefore of this plugin.
[15:05:20 INFO]: Loaded (253) worth values into memory. Took 16ms
[15:05:20 INFO]: Loaded (19) warps into memory. Took 2ms
[15:05:20 INFO]: VaultPermissions found. (Loaded: true)
[15:05:20 INFO]: PlaceholderAPI found. (Loaded: true)
[15:05:20 INFO]: Loaded (3) schedules into memory. Took 3ms
[15:05:20 INFO]: Loaded (13) skin cache entries into memory. Took 1ms
[15:05:20 INFO]: [CMI] Preloading playtimetop statistics
[15:05:20 INFO]: Loaded (20) custom recipes into memory. Took 104ms
[15:05:20 INFO]: Loaded (3) ArmorStand templates into memory. Took 3ms
[15:05:20 INFO]: Version 9.8.4.4 has been enabled
[15:05:20 INFO]: _______________________________________________________
[15:05:20 INFO]: [CMIEInjector][Economy] CMI Economy hooked.
[15:05:20 INFO]: [DevLib] Enabling DevLib v3.1.5
[15:05:20 INFO]: [DevLib] Debug mode -> false
[15:05:20 INFO]: [Images] Enabling Images v2.5.9
[15:05:20 INFO]: [Images] PaperMC server detected. Adjustments will be made to accommodate...
[15:05:20 INFO]: [Images] ProtocolLib detected. Enabling generic packet handling...
[15:05:20 INFO]: [MyCommand] Enabling MyCommand v5.7.4
[15:05:20 INFO]: *-=-=-=-=-=-=-=-=-* MyCommand v.5.7.4*-=-=-=-=-=-=-=-=-=-*
[15:05:20 INFO]: | Hooked on Vault 1.7.3-b131
[15:05:20 INFO]: | Command file(s) found : 1
[15:05:20 INFO]: | Config : Ready.
[15:05:20 INFO]: | ProtocolLib found, features availables (SignMenu)
[15:05:20 INFO]: [PlaceholderAPI] Successfully registered internal expansion: mycommand [1.0.0]
[15:05:20 INFO]: | Placeholder_API : Hooked, Ok.
[15:05:20 INFO]: | Custom commands loaded : 37
[15:05:20 INFO]: | 0 (custom) commands in cooldown added.
[15:05:20 WARN]: [MyCommand] Loaded class com.comphenix.protocol.events.PacketListener from ProtocolLib v5.4.0 which is not a depend, softdepend or loadbefore of this plugin.
[15:05:20 INFO]: |          by emmerrei a.k.a. ivanfromitaly.           
[15:05:20 INFO]: *-=-=-=-=-=-=-=-=-=-*   Done!   *-=-=-=-=-=-=-=-=-=-=-*
[15:05:20 INFO]: [Chatty] Enabling Chatty v2.19.14
[15:05:20 INFO]: [Chatty] Vault has successful hooked.
[15:05:20 INFO]: [PlaceholderAPI] Successfully registered internal expansion: chatty [2.19.14]
[15:05:20 INFO]: [Chatty] PlaceholderAPI has successful hooked.
[15:05:20 INFO]: [BetterTalismans] Enabling BetterTalismans v0.8-BETA
[15:05:20 INFO]: [BetterTalismans] Inventory title with support for more than 32 characters. Skipping..
[15:05:20 INFO]: [BetterTalismans] Hex colors are available! Ready for RGB..
[15:05:20 INFO]: [BetterTalismans] Old constructor for HoverEvent found! Using it..
[15:05:20 INFO]: [BetterTalismans] New sendTitle method found! Using it..
[15:05:20 INFO]: [BetterTalismans] New setUnbreakable method found! Using it..
[15:05:20 INFO]: [BetterTalismans] New isUnbreakable method found! Using it..
[15:05:20 INFO]:   ___      _   _          _____     _ _                       
[15:05:20 INFO]:  | _ ) ___| |_| |_ ___ _ |_   _|_ _| (_)____ __  __ _ _ _  ___
[15:05:20 INFO]:  | _ \/ -_)  _|  _/ -_) '_|| |/ _` | | (_-< '  \/ _` | ' \(_-<
[15:05:20 INFO]:  |___/\___|\__|\__\___|_|  |_|\__,_|_|_/__/_|_|_\__,_|_||_/__/
[15:05:20 INFO]: 
[15:05:20 INFO]:    Running plugin BetterTalismans v0.8-BETA (v1_16)
[15:05:20 INFO]:    Server running Purpur version git-Purpur-1171 (MC: 1.16.5)
[15:05:20 INFO]:    (Implementing API version git-Purpur-1171 (MC: 1.16.5))
[15:05:20 INFO]:    (Developed by  AlonsoAliaga - Thanks for using my plugin ❤)
[15:05:20 INFO]:    (If you loved the plugin consider leaving a review and mentioning your server IP in it!
[15:05:20 INFO]: 
[15:05:20 INFO]: ==============================================================================================
[15:05:20 INFO]: [BetterTalismans] You are using a Paper fork (Purpur), plugin should work fine!
[15:05:20 INFO]: [BetterTalismans] If you have issues, join us on our official support server on alonsoaliaga.com/discord
[15:05:20 INFO]: ==============================================================================================
[15:05:20 INFO]: 
[15:05:20 INFO]: [BetterTalismans] BungeeCord action bar available. Hooking..
[15:05:20 INFO]: [BetterTalismans] ProtocolLib found! Checking..
[15:05:20 INFO]: [Auto-update] Configuration is up-to-date!
[15:05:20 INFO]: [BetterTalismans] Old ItemStack constructor is available!
[15:05:20 INFO]: [BetterTalismans] SkullMeta#setOwningPlayer method is available for heads.
[15:05:20 INFO]: [BetterTalismans] SkullMeta#setOwner method is available for heads.
[15:05:20 INFO]: [BetterTalismans] SkullMeta#setOwnerProfile is not available for heads. Ignoring..
[15:05:20 INFO]: [BetterTalismans] GameProfile "profile" field available for heads (@Nullable name). Using it for heads..
[15:05:20 INFO]: [BetterTalismans] New setUnbreakable method found! Using it..
[15:05:20 INFO]: [BetterTalismans] New setOwningPlayer method is available!
[15:05:20 INFO]: [BetterTalismans] Old Bukkit#getOfflinePlayer(String name) method is available!
[15:05:20 INFO]: [BetterTalismans] New isUnbreakable method found! Using it..
[15:05:20 INFO]: [BetterTalismans] Discovering recipes is enabled and feature is available. Checking..
[15:05:20 INFO]: [BetterTalismans] Modifier MAX_ABSORPTION is not available in v1_16. Disabling..
[15:05:20 INFO]: [BetterTalismans] Shape recipe of Talisman 'картателя' is includes invalid material. Skipping recipe..
[15:05:20 INFO]: [BetterTalismans] Shape recipe of Talisman 'крушителя' is includes invalid material. Skipping recipe..
[15:05:20 INFO]: [BetterTalismans] Recipe of Talisman 'gran' is disabled. Skipping..
[15:05:20 INFO]: [BetterTalismans] Recipe of Talisman 'dedala' is disabled. Skipping..
[15:05:20 INFO]: [BetterTalismans] Recipe of Talisman 'тритон' is disabled. Skipping..
[15:05:20 INFO]: [BetterTalismans] Recipe of Talisman 'гармонии' is disabled. Skipping..
[15:05:20 INFO]: [BetterTalismans] Shape recipe of Talisman 'феникса' is includes invalid material. Skipping recipe..
[15:05:20 INFO]: [BetterTalismans] Recipe of Talisman 'ехидныв' is disabled. Skipping..
[15:05:20 INFO]: [BetterTalismans] Shape recipe of Talisman 'Андромеды' is includes invalid material. Skipping recipe..
[15:05:20 INFO]: [BetterTalismans] Shape recipe of Talisman 'Пандоры' is includes invalid material. Skipping recipe..
[15:05:20 INFO]: [BetterTalismans] Shape recipe of Talisman 'Титана' is includes invalid material. Skipping recipe..
[15:05:20 INFO]: [BetterTalismans] Shape recipe of Talisman 'Аполлона' is includes invalid material. Skipping recipe..
[15:05:20 INFO]: [BetterTalismans] Shape recipe of Talisman 'Астрея' is includes invalid material. Skipping recipe..
[15:05:20 INFO]: [BetterTalismans] Shape recipe of Talisman 'Осириса' is includes invalid material. Skipping recipe..
[15:05:20 INFO]: [BetterTalismans] Shape recipe of Talisman 'Химеры' is includes invalid material. Skipping recipe..
[15:05:20 INFO]: [BetterTalismans] Successfully loaded 15 talismans!
[15:05:20 INFO]: [ACubelets] Enabling ACubelets v2.5.0
[15:05:21 INFO]: 
[15:05:21 INFO]:   Loading language:
[15:05:21 INFO]:     'en' loaded!
[15:05:21 INFO]:   
[15:05:21 INFO]:   Loading database:
[15:05:21 INFO]:     SQLite has been enabled!
[15:05:21 INFO]: 
[15:05:21 INFO]:   Loading machines:
[15:05:21 INFO]:     3 Cubelet Machines loaded!
[15:05:21 INFO]: 
[15:05:21 INFO]:   Loading cubelets:
[15:05:21 INFO]:     'normal'   ► 1 rarities, 22 rewards
[15:05:21 INFO]:     'bronya'   ► 1 rarities, 36 rewards
[15:05:21 INFO]:     'guns'     ► 1 rarities, 33 rewards
[15:05:21 INFO]:     'money'    ► 11 rarities, 11 rewards
[15:05:21 INFO]:     'inst'     ► 1 rarities, 20 rewards
[15:05:21 INFO]:     'resurses' ► 1 rarities, 17 rewards
[15:05:21 INFO]:     'tokens'   ► 11 rarities, 11 rewards
[15:05:21 INFO]:     'donate'   ► 3 rarities, 30 rewards
[15:05:21 INFO]:     'knigi'    ► 1 rarities, 22 rewards
[15:05:21 INFO]: 
[15:05:21 INFO]:   Loading crafts:
[15:05:21 INFO]:     No Cubelet crafts has been loaded!
[15:05:21 INFO]: 
[15:05:21 INFO]:   ACubelets Enabled!
[15:05:21 INFO]:     Version: 2.5.0
[15:05:21 INFO]:     Author: DavidML16, Fedox
[15:05:21 INFO]: 
[15:05:21 INFO]: [PlaceholderAPI] Successfully registered internal expansion: acubelets [1.0.0]
[15:05:21 INFO]: [LPX] Enabling LPX v3.6.12
[15:05:21 ERROR]: Error occurred while enabling LPX v3.6.12 (Is it up to date?)
java.lang.RuntimeException: 
[>] ================ ERROR ================[<]
[] Oops.
[] Something went wrong.
[] Re-download plugin
[] from the website: https://black-minecraft.com/resources/1130/
[>] ================ ERROR ================ [<]

	at it.ytnoos.lpx.g.onEnable(g.java:52) ~[?:?]
	at org.bukkit.plugin.java.JavaPlugin.setEnabled(JavaPlugin.java:263) ~[patched_1.16.5.jar:git-Purpur-1171]
	at org.bukkit.plugin.java.JavaPluginLoader.enablePlugin(JavaPluginLoader.java:370) ~[patched_1.16.5.jar:git-Purpur-1171]
	at org.bukkit.plugin.SimplePluginManager.enablePlugin(SimplePluginManager.java:500) ~[patched_1.16.5.jar:git-Purpur-1171]
	at org.bukkit.craftbukkit.v1_16_R3.CraftServer.enablePlugin(CraftServer.java:518) ~[patched_1.16.5.jar:git-Purpur-1171]
	at org.bukkit.craftbukkit.v1_16_R3.CraftServer.enablePlugins(CraftServer.java:432) ~[patched_1.16.5.jar:git-Purpur-1171]
	at net.minecraft.server.v1_16_R3.MinecraftServer.loadWorld(MinecraftServer.java:596) ~[patched_1.16.5.jar:git-Purpur-1171]
	at net.minecraft.server.v1_16_R3.DedicatedServer.init(DedicatedServer.java:309) ~[patched_1.16.5.jar:git-Purpur-1171]
	at net.minecraft.server.v1_16_R3.MinecraftServer.w(MinecraftServer.java:1074) ~[patched_1.16.5.jar:git-Purpur-1171]
	at net.minecraft.server.v1_16_R3.MinecraftServer.lambda$a$0(MinecraftServer.java:293) ~[patched_1.16.5.jar:git-Purpur-1171]
	at java.lang.Thread.run(Thread.java:842) [?:?]
[15:05:21 INFO]: [LPX] Disabling LPX v3.6.12
[15:05:21 INFO]: [SpookyCasino] Enabling SpookyCasino v1.0
[15:05:22 WARN]: [SpookyCasino] Loaded class ru.enwulf.spookystash.utils.ItemUtil from SpookyStash v1.0 which is not a depend, softdepend or loadbefore of this plugin.
[15:05:22 INFO]: [DevMines] Enabling DevMines v1.0.0
[15:05:22 INFO]: [DevLib] @@@@@@@@@@@@@@@@@@@@@@@@@@@@@@@@@@@@@@@G55G@@@@@@@@@@@@@@@@@@@@@
[15:05:22 INFO]: [DevLib] &&&&&&&&@&&&&&@@@@@&&&&&&@@@@@@&&###&&B55P&@&&&&&&@@@&&&&@@@&&&&
[15:05:22 INFO]: [DevLib] ####&#####&###&@@&########&@@&#######G55P&@###&&####@@###&@&###&
[15:05:22 INFO]: [DevLib] ###&@@###@@&###@&###@@@@&&&@@#######G55P&@####&&&###&@@###&###&@
[15:05:22 INFO]: [DevLib] ###&@@###@@&###@@###&&&&##&@@lack&#####B555#@@&###&&&###@@@&#####&@@
[15:05:22 INFO]: [DevLib] ###&@@###@@&###@@@&######&@@@@lack&&##BP55B@@@@&&#####&@@@@@&###&@@@
[15:05:22 INFO]: [DevLib] ----------------------------------------------------------------
[15:05:22 INFO]: [DevLib] *** PLUGIN 'DevMines' ONLY ON https://mcdev.su ***
[15:05:22 INFO]: [DevLib] ----------------------------------------------------------------
[15:05:22 INFO]: [⛏] Шахта перезагружена, начинаем копать на /warp mine
[15:05:22 INFO]: [PlaceholderAPI] Successfully registered internal expansion: devmines [1.0.0]
[15:05:22 INFO]: [ajLeaderboards] Enabling ajLeaderboards v2.10.1
[15:05:22 INFO]: [ajLeaderboards] Using H2 flatfile for board cache. (h2)
[15:05:22 INFO]: [ajLeaderboards] Loaded 2 boards
[15:05:22 INFO]: [PlaceholderAPI] Successfully registered internal expansion: ajlb [2.10.1]
[15:05:22 INFO]: [ajLeaderboards] PAPI placeholders successfully registered!
[15:05:22 INFO]: [ajLeaderboards] ajLeaderboards v2.10.1 by ajgeiss0702 enabled!
[15:05:22 INFO]: [TAB] Enabling TAB v5.3.2
[15:05:23 INFO]: [TAB] [WARN] [groups.yml] Unknown property "header" defined for group "example_group". Valid properties: [tagprefix, tagsuffix, tabprefix, customtabname, tabsuffix]
[15:05:23 INFO]: [TAB] [WARN] [groups.yml] Unknown property "footer" defined for group "example_group". Valid properties: [tagprefix, tagsuffix, tabprefix, customtabname, tabsuffix]
[15:05:23 INFO]: [TAB] [WARN] [users.yml] Unknown property "abovename" defined for user "_NEZNAMY_". Valid properties: [tagprefix, tagsuffix, tabprefix, customtabname, tabsuffix]
[15:05:23 INFO]: [TAB] [WARN] [users.yml] Unknown property "belowname" defined for user "_NEZNAMY_". Valid properties: [tagprefix, tagsuffix, tabprefix, customtabname, tabsuffix]
[15:05:23 INFO]: [PlaceholderAPI] Successfully registered internal expansion: tab [5.3.2]
[15:05:23 INFO]: [TAB] [WARN] Found a total of 4 issues.
[15:05:23 INFO]: [TAB] Enabled in 175ms
[15:05:23 INFO]: [SpookyStash] Enabling SpookyStash v1.0
[15:05:23 INFO]: [BLib] Enabling BLib v1.0.9
[15:05:23 INFO]: [BLib] Обнаруженная версия сервера: 1.16.5
[15:05:23 INFO]: [DevKillerMoney] Enabling DevKillerMoney v1.0.0*
[15:05:23 INFO]: [DevLib] @@@@@@@@@@@@@@@@@@@@@@@@@@@@@@@@@@@@@@@G55G@@@@@@@@@@@@@@@@@@@@@
[15:05:23 INFO]: [DevLib] &&&&&&&&@&&&&&@@@@@&&&&&&@@@@@@&&###&&B55P&@&&&&&&@@@&&&&@@@&&&&
[15:05:23 INFO]: [DevLib] ####&#####&###&@@&########&@@&#######G55P&@###&&####@@###&@&###&
[15:05:23 INFO]: [DevLib] ###&@@###@@&###@&###@@@@&&&@@#######G55P&@####&&&###&@@###&###&@
[15:05:23 INFO]: [DevLib] ###&@@###@@&###@@###&&&&##&@@lack&#####B555#@@&###&&&###@@@&#####&@@
[15:05:23 INFO]: [DevLib] ###&@@###@@&###@@@&######&@@@@lack&&##BP55B@@@@&&#####&@@@@@&###&@@@
[15:05:23 INFO]: [DevLib] ----------------------------------------------------------------
[15:05:23 INFO]: [DevLib] *** PLUGIN 'DevKillerMoney' ONLY ON https://mcdev.su ***
[15:05:23 INFO]: [DevLib] ----------------------------------------------------------------
[15:05:23 INFO]: [DevCooldown] Enabling DevCooldown v1.0.4*
[15:05:23 INFO]: [WorldGuard] Enabling WorldGuard v7.0.4+f7ff984
[15:05:23 INFO]: [WorldGuard] (world) TNT ignition is PERMITTED.
[15:05:23 INFO]: [WorldGuard] (world) Lighters are PERMITTED.
[15:05:23 INFO]: [WorldGuard] (world) Lava fire is PERMITTED.
[15:05:23 INFO]: [WorldGuard] (world) Fire spread is UNRESTRICTED.
[15:05:23 INFO]: [WorldGuard] Loaded configuration for world 'world'
[15:05:23 INFO]: [WorldGuard] (world_nether) TNT ignition is PERMITTED.
[15:05:23 INFO]: [WorldGuard] (world_nether) Lighters are PERMITTED.
[15:05:23 INFO]: [WorldGuard] (world_nether) Lava fire is PERMITTED.
[15:05:23 INFO]: [WorldGuard] (world_nether) Fire spread is UNRESTRICTED.
[15:05:23 INFO]: [WorldGuard] Loaded configuration for world 'world_nether'
[15:05:23 INFO]: [WorldGuard] (world_the_end) TNT ignition is PERMITTED.
[15:05:23 INFO]: [WorldGuard] (world_the_end) Lighters are PERMITTED.
[15:05:23 INFO]: [WorldGuard] (world_the_end) Lava fire is PERMITTED.
[15:05:23 INFO]: [WorldGuard] (world_the_end) Fire spread is UNRESTRICTED.
[15:05:23 INFO]: [WorldGuard] Loaded configuration for world 'world_the_end'
[15:05:23 INFO]: [WorldGuard] (duels) TNT ignition is PERMITTED.
[15:05:23 INFO]: [WorldGuard] (duels) Lighters are PERMITTED.
[15:05:23 INFO]: [WorldGuard] (duels) Lava fire is PERMITTED.
[15:05:23 INFO]: [WorldGuard] (duels) Fire spread is UNRESTRICTED.
[15:05:23 INFO]: [WorldGuard] Loaded configuration for world 'duels'
[15:05:23 INFO]: [WorldGuard] (event) TNT ignition is PERMITTED.
[15:05:23 INFO]: [WorldGuard] (event) Lighters are PERMITTED.
[15:05:23 INFO]: [WorldGuard] (event) Lava fire is PERMITTED.
[15:05:23 INFO]: [WorldGuard] (event) Fire spread is UNRESTRICTED.
[15:05:23 INFO]: [WorldGuard] Loaded configuration for world 'event'
[15:05:23 INFO]: [WorldGuard] (lobby) TNT ignition is PERMITTED.
[15:05:23 INFO]: [WorldGuard] (lobby) Lighters are PERMITTED.
[15:05:23 INFO]: [WorldGuard] (lobby) Lava fire is PERMITTED.
[15:05:23 INFO]: [WorldGuard] (lobby) Fire spread is UNRESTRICTED.
[15:05:23 INFO]: [WorldGuard] Loaded configuration for world 'lobby'
[15:05:23 INFO]: [WorldGuard] Loading region data...
[15:05:23 INFO]: [FunEvents] Enabling FunEvents v3.0.1
[15:05:23 INFO]: [FunEvents] Session ID: dummy-session-id
[15:05:23 INFO]: [FunEvents] Login successful for user: 
[15:05:23 INFO]: [PlaceholderAPI] Successfully registered internal expansion: funevents [2.0]
[15:05:23 INFO]: [FunEvents] Вулкан загружен успешно!
[15:05:23 INFO]: [FunEvents] Мистический сундук загружен успешно!
[15:05:24 INFO]: [FunEvents] Мистический алтарь загружен успешно!
[15:05:24 INFO]: [FunEvents] Маяк убийца загружен успешно!
[15:05:24 INFO]: [FunEvents] Метеоритный дождь загружен успешно!
[15:05:24 INFO]: [FunEvents] Сундук смерти загружен успешно!
[15:05:24 INFO]: [FunEvents] Санта загружен успешно!
[15:05:24 INFO]: [FunEvents] Адская резня загружена успешно!
[15:05:25 INFO]: [ajLeaderboards] An update is available! (2.11.0) Run /ajLeaderboards update to download it!
[15:05:25 INFO]: [SCore] Enabling SCore v4.24.6.2
[15:05:25 ERROR]: Error occurred while enabling SCore v4.24.6.2 (Is it up to date?)
java.lang.RuntimeException: 
[>] ================ ERROR ================[<]
[] Oops.
[] Something went wrong.
[] Re-download plugin
[] from the website: https://black-minecraft.com/resources/3808/
[>] ================ ERROR ================ [<]

	at com.ssomar.score.SCore.onEnable(SCore.java:44) ~[?:?]
	at org.bukkit.plugin.java.JavaPlugin.setEnabled(JavaPlugin.java:263) ~[patched_1.16.5.jar:git-Purpur-1171]
	at org.bukkit.plugin.java.JavaPluginLoader.enablePlugin(JavaPluginLoader.java:370) ~[patched_1.16.5.jar:git-Purpur-1171]
	at org.bukkit.plugin.SimplePluginManager.enablePlugin(SimplePluginManager.java:500) ~[patched_1.16.5.jar:git-Purpur-1171]
	at org.bukkit.craftbukkit.v1_16_R3.CraftServer.enablePlugin(CraftServer.java:518) ~[patched_1.16.5.jar:git-Purpur-1171]
	at org.bukkit.craftbukkit.v1_16_R3.CraftServer.enablePlugins(CraftServer.java:432) ~[patched_1.16.5.jar:git-Purpur-1171]
	at net.minecraft.server.v1_16_R3.MinecraftServer.loadWorld(MinecraftServer.java:596) ~[patched_1.16.5.jar:git-Purpur-1171]
	at net.minecraft.server.v1_16_R3.DedicatedServer.init(DedicatedServer.java:309) ~[patched_1.16.5.jar:git-Purpur-1171]
	at net.minecraft.server.v1_16_R3.MinecraftServer.w(MinecraftServer.java:1074) ~[patched_1.16.5.jar:git-Purpur-1171]
	at net.minecraft.server.v1_16_R3.MinecraftServer.lambda$a$0(MinecraftServer.java:293) ~[patched_1.16.5.jar:git-Purpur-1171]
	at java.lang.Thread.run(Thread.java:842) [?:?]
[15:05:25 INFO]: [SCore] Disabling SCore v4.24.6.2
[15:05:25 ERROR]: Error occurred while disabling SCore v4.24.6.2 (Is it up to date?)
java.lang.NullPointerException: Cannot invoke "org.bukkit.plugin.Plugin.getDataFolder()" because "plugin" is null
	at com.ssomar.score.config.Config.setup(Config.java:29) ~[?:?]
	at com.ssomar.score.config.GeneralConfig.<init>(GeneralConfig.java:47) ~[?:?]
	at com.ssomar.score.config.GeneralConfig.getInstance(GeneralConfig.java:51) ~[?:?]
	at com.ssomar.score.SCore.onDisable(SCore.java:571) ~[?:?]
	at org.bukkit.plugin.java.JavaPlugin.setEnabled(JavaPlugin.java:265) ~[patched_1.16.5.jar:git-Purpur-1171]
	at org.bukkit.plugin.java.JavaPluginLoader.disablePlugin(JavaPluginLoader.java:405) ~[patched_1.16.5.jar:git-Purpur-1171]
	at org.bukkit.plugin.SimplePluginManager.disablePlugin(SimplePluginManager.java:533) ~[patched_1.16.5.jar:git-Purpur-1171]
	at org.bukkit.plugin.java.JavaPluginLoader.enablePlugin(JavaPluginLoader.java:374) ~[patched_1.16.5.jar:git-Purpur-1171]
	at org.bukkit.plugin.SimplePluginManager.enablePlugin(SimplePluginManager.java:500) ~[patched_1.16.5.jar:git-Purpur-1171]
	at org.bukkit.craftbukkit.v1_16_R3.CraftServer.enablePlugin(CraftServer.java:518) ~[patched_1.16.5.jar:git-Purpur-1171]
	at org.bukkit.craftbukkit.v1_16_R3.CraftServer.enablePlugins(CraftServer.java:432) ~[patched_1.16.5.jar:git-Purpur-1171]
	at net.minecraft.server.v1_16_R3.MinecraftServer.loadWorld(MinecraftServer.java:596) ~[patched_1.16.5.jar:git-Purpur-1171]
	at net.minecraft.server.v1_16_R3.DedicatedServer.init(DedicatedServer.java:309) ~[patched_1.16.5.jar:git-Purpur-1171]
	at net.minecraft.server.v1_16_R3.MinecraftServer.w(MinecraftServer.java:1074) ~[patched_1.16.5.jar:git-Purpur-1171]
	at net.minecraft.server.v1_16_R3.MinecraftServer.lambda$a$0(MinecraftServer.java:293) ~[patched_1.16.5.jar:git-Purpur-1171]
	at java.lang.Thread.run(Thread.java:842) [?:?]
[15:05:25 INFO]: [antiRedstoneClock] Enabling antiRedstoneClock v1.5.0
[15:05:25 INFO]: [antiRedstoneClock] Enabling Metrics
[15:05:25 INFO]: [antiRedstoneClock] An error occured while trying to enable metrics. Skipping...
[15:05:25 WARN]: [antiRedstoneClock] PlotSquared hasn't been found!
[15:05:25 INFO]: [antiRedstoneClock] Plugin loaded in 8 ms
[15:05:25 INFO]: [Duels] Enabling Duels v3.5.3
[15:05:26 INFO]: [PlaceholderAPI] Successfully registered internal expansion: duels [1.0]
[15:05:26 INFO]: [Duels] Successfully hooked into 'PlaceholderAPI'!
[15:05:26 INFO]: [Duels] Using Economy Provider: com.Zrips.Economy_CMI
[15:05:26 INFO]: [Duels] Successfully hooked into 'Vault'!
[15:05:26 INFO]: [Duels] Successfully hooked into 'WorldGuard'!
[15:05:26 INFO]: [Duels] KitManagerImpl: Loaded 0 kit(s).
[15:05:26 INFO]: [Duels] ArenaManagerImpl: Loaded 1 arena(s).
[15:05:26 INFO]: [Duels] QueueManager: Loaded 0 queue(s).
[15:05:26 INFO]: [Duels] QueueSignManagerImpl: Loaded 0 queue sign(s).
[15:05:26 INFO]: [BetterRTP] Enabling BetterRTP v3.6.13
[15:05:26 INFO]: [PlaceholderAPI] Successfully registered internal expansion: betterrtp [3.6.13]
[15:05:26 INFO]: [AdvancedEnchantments] Enabling AdvancedEnchantments v9.1.5
[15:05:26 INFO]: [36m[Spigotunlocked.com] - COSMO
[15:05:26 INFO]: [AdvancedEnchantments] Successfully hooked into WorldGuard, PlaceholderAPI.
[15:05:26 INFO]: [AdvancedEnchantments] Successfully hooked into WorldGuard.
[15:05:26 INFO]: [PlaceholderAPI] Successfully registered internal expansion: advancedenchantments [1.0.0]
[15:05:26 INFO]: [AdvancedEnchantments] Successfully hooked into PlaceholderAPI.
[15:05:26 INFO]: [AdvancedEnchantments] Successfully hooked into ProtocolLib.
[15:05:26 INFO]: [AdvancedEnchantments] Successfully hooked into CMI.
[15:05:26 INFO]: [AdvancedEnchantments] Loaded 7 armor sets.
[15:05:26 INFO]: [AdvancedEnchantments] Loaded 5 weapons.
[15:05:26 INFO]: [AdvancedEnchantments] Successfully hooked into economy plugin (Vault)
[15:05:26 INFO]: [ExecutableItems] Enabling ExecutableItems v6.24.6.2
[15:05:26 ERROR]: Error occurred while enabling ExecutableItems v6.24.6.2 (Is it up to date?)
java.lang.RuntimeException: 
[>] ================ ERROR ================[<]
[] Oops.
[] Something went wrong.
[] Re-download plugin
[] from the website: https://black-minecraft.com/resources/230/
[>] ================ ERROR ================ [<]

	at com.ssomar.executableitems.ExecutableItems.onEnable(ExecutableItems.java:44) ~[?:?]
	at org.bukkit.plugin.java.JavaPlugin.setEnabled(JavaPlugin.java:263) ~[patched_1.16.5.jar:git-Purpur-1171]
	at org.bukkit.plugin.java.JavaPluginLoader.enablePlugin(JavaPluginLoader.java:370) ~[patched_1.16.5.jar:git-Purpur-1171]
	at org.bukkit.plugin.SimplePluginManager.enablePlugin(SimplePluginManager.java:500) ~[patched_1.16.5.jar:git-Purpur-1171]
	at org.bukkit.craftbukkit.v1_16_R3.CraftServer.enablePlugin(CraftServer.java:518) ~[patched_1.16.5.jar:git-Purpur-1171]
	at org.bukkit.craftbukkit.v1_16_R3.CraftServer.enablePlugins(CraftServer.java:432) ~[patched_1.16.5.jar:git-Purpur-1171]
	at net.minecraft.server.v1_16_R3.MinecraftServer.loadWorld(MinecraftServer.java:596) ~[patched_1.16.5.jar:git-Purpur-1171]
	at net.minecraft.server.v1_16_R3.DedicatedServer.init(DedicatedServer.java:309) ~[patched_1.16.5.jar:git-Purpur-1171]
	at net.minecraft.server.v1_16_R3.MinecraftServer.w(MinecraftServer.java:1074) ~[patched_1.16.5.jar:git-Purpur-1171]
	at net.minecraft.server.v1_16_R3.MinecraftServer.lambda$a$0(MinecraftServer.java:293) ~[patched_1.16.5.jar:git-Purpur-1171]
	at java.lang.Thread.run(Thread.java:842) [?:?]
[15:05:26 INFO]: [ExecutableItems] Disabling ExecutableItems v6.24.6.2
[15:05:26 ERROR]: Error occurred while disabling ExecutableItems v6.24.6.2 (Is it up to date?)
java.lang.NoClassDefFoundError: com/ssomar/score/SCore
	at com.ssomar.executableitems.ExecutableItems.onDisable(ExecutableItems.java:217) ~[?:?]
	at org.bukkit.plugin.java.JavaPlugin.setEnabled(JavaPlugin.java:265) ~[patched_1.16.5.jar:git-Purpur-1171]
	at org.bukkit.plugin.java.JavaPluginLoader.disablePlugin(JavaPluginLoader.java:405) ~[patched_1.16.5.jar:git-Purpur-1171]
	at org.bukkit.plugin.SimplePluginManager.disablePlugin(SimplePluginManager.java:533) ~[patched_1.16.5.jar:git-Purpur-1171]
	at org.bukkit.plugin.java.JavaPluginLoader.enablePlugin(JavaPluginLoader.java:374) ~[patched_1.16.5.jar:git-Purpur-1171]
	at org.bukkit.plugin.SimplePluginManager.enablePlugin(SimplePluginManager.java:500) ~[patched_1.16.5.jar:git-Purpur-1171]
	at org.bukkit.craftbukkit.v1_16_R3.CraftServer.enablePlugin(CraftServer.java:518) ~[patched_1.16.5.jar:git-Purpur-1171]
	at org.bukkit.craftbukkit.v1_16_R3.CraftServer.enablePlugins(CraftServer.java:432) ~[patched_1.16.5.jar:git-Purpur-1171]
	at net.minecraft.server.v1_16_R3.MinecraftServer.loadWorld(MinecraftServer.java:596) ~[patched_1.16.5.jar:git-Purpur-1171]
	at net.minecraft.server.v1_16_R3.DedicatedServer.init(DedicatedServer.java:309) ~[patched_1.16.5.jar:git-Purpur-1171]
	at net.minecraft.server.v1_16_R3.MinecraftServer.w(MinecraftServer.java:1074) ~[patched_1.16.5.jar:git-Purpur-1171]
	at net.minecraft.server.v1_16_R3.MinecraftServer.lambda$a$0(MinecraftServer.java:293) ~[patched_1.16.5.jar:git-Purpur-1171]
	at java.lang.Thread.run(Thread.java:842) [?:?]
Caused by: java.lang.ClassNotFoundException: com.ssomar.score.SCore
	at org.bukkit.plugin.java.PluginClassLoader.loadClass0(PluginClassLoader.java:155) ~[patched_1.16.5.jar:git-Purpur-1171]
	at org.bukkit.plugin.java.PluginClassLoader.loadClass(PluginClassLoader.java:114) ~[patched_1.16.5.jar:git-Purpur-1171]
	at java.lang.ClassLoader.loadClass(ClassLoader.java:520) ~[?:?]
	... 13 more
[15:05:26 INFO]: [Citizens] Enabling Citizens v2.0.35-SNAPSHOT (build 3473)
[15:05:26 INFO]: [Citizens] Loading external libraries
[15:05:27 INFO]: [Citizens] Detected system language [[ru]]. If youd like you can contribute to Citizens translations via our Discord! https://discord.gg/Q6pZGSR
[15:05:27 INFO]: [Citizens] Loaded 0 templates.
[15:05:27 INFO]: [PlaceholderAPI] Successfully registered internal expansion: citizensplaceholder [1.0.0]
[15:05:27 INFO]: [Citizens] Loaded economy handling via Vault.
[15:05:27 INFO]: [FunBeacon] Enabling FunBeacon v1.1
[15:05:27 WARN]: [FunBeacon] Loaded class eu.decentsoftware.holograms.api.holograms.Hologram from DecentHolograms v2.8.14 which is not a depend, softdepend or loadbefore of this plugin.
[15:05:27 INFO]: [BAuction] Enabling BAuction v1.3.1
[15:05:27 INFO]: [PlaceholderAPI] Successfully registered internal expansion: BAuction [1.3.1]
[15:05:27 INFO]: [utilm] Enabling utilm v1.0.63
[15:05:27 INFO]: [BAuction] Успешно загружено 0 предметов за 28 мс.
[15:05:27 INFO]: [Triton] Enabling Triton v3.12.1
[15:05:27 INFO]: [Triton] Loaded local storage manager
[15:05:27 INFO]: [Triton] Successfully setup the language manager! 1 languages and 29 language items loaded!
[15:05:27 INFO]: [PlaceholderAPI] Successfully registered internal expansion: triton [3.12.1]
[15:05:27 INFO]: [AbstractMenus] Enabling AbstractMenus v1.16.7
[15:05:27 INFO]: [AbstractMenus] Using LuckPerms
[15:05:27 INFO]: [AbstractMenus] Using PlaceholderAPI
[15:05:27 INFO]: [PlaceholderAPI] Successfully registered internal expansion: var [1.0]
[15:05:27 INFO]: [PlaceholderAPI] Successfully registered internal expansion: varp [1.0]
[15:05:27 INFO]: [PlaceholderAPI] Successfully registered internal expansion: vart [1.0]
[15:05:27 INFO]: [PlaceholderAPI] Successfully registered internal expansion: varpt [1.0]
[15:05:27 INFO]: [PlaceholderAPI] Successfully registered internal expansion: hanim [1.0]
[15:05:27 INFO]: [PlaceholderAPI] Successfully registered internal expansion: ctg [1.0]
[15:05:27 INFO]: [PlaceholderAPI] Successfully registered internal expansion: activator [1.0]
[15:05:27 INFO]: [PlaceholderAPI] Successfully registered internal expansion: placed [1.0]
[15:05:27 INFO]: [PlaceholderAPI] Successfully registered internal expansion: taken [1.0]
[15:05:27 INFO]: [PlaceholderAPI] Successfully registered internal expansion: changed [1.0]
[15:05:28 INFO]: [AbstractMenus] Loaded 99 menus
[15:05:28 INFO]: [BattlePass] Enabling BattlePass v4.3.6
[15:05:28 INFO]: [BattlePass] Finished loading the daily quests. All quests loaded successfully.
[15:05:28 INFO]: [BattlePass] Finished loading the week-1 quests. All quests loaded successfully.
[15:05:28 INFO]: [BattlePass] Finished loading the week-2 quests. All quests loaded successfully.
[15:05:28 INFO]: [BattlePass] Finished loading the week-3 quests. All quests loaded successfully.
[15:05:28 INFO]: [BattlePass] Finished loading the week-4 quests. All quests loaded successfully.
[15:05:28 INFO]: [AdvancedEnchantments] Hooked into AdvancedEnchantments
[15:05:28 INFO]: [Citizens] Hooked into Citizens
[15:05:28 INFO]: [BattlePass] Successfully loaded the pass type with the id: premium
[15:05:28 INFO]: [BattlePass] Successfully loaded the pass type with the id: free
[15:05:28 WARN]: [BattlePass] Daily quests reset is set disabled.
[15:05:28 INFO]: [BattlePass] Register PlaceholderAPI placeholders
[15:05:28 INFO]: [PlaceholderAPI] Successfully registered internal expansion: battlepass [1.1]
[15:05:28 INFO]: [mcAntiReLog] Enabling mcAntiReLog v1.1.21
[15:05:28 INFO]: [utilm] []==========[License-System]==========[]
[15:05:28 INFO]: [utilm] Connecting to License-Server...
[15:05:28 INFO]: [utilm] License valid!
[15:05:28 INFO]: [utilm] []==========[License-System]==========[]
[15:05:28 INFO]: [utilm] [1;37m[mcAntiReLog] @@@@@@@@@@@@@@@@@@@@@@@@@@@@@@@@@@@@@@@[1;34mG55G[1;37m@@@@@@@@@@@@@@@@@@@@@[0m
[15:05:28 INFO]: [utilm] [1;37m[mcAntiReLog] [30m&&&&&&&&[1;37m@[30m&&&&&[1;37m@@@@@[30m&&&&&&[1;37m@@@@@@[30m&&###&&[1;34mB55P&[1;37m@[30m&&&&&&[1;37m@@@[30m&&&&[1;37m@@@[30m&&&&[0m
[15:05:28 INFO]: [utilm] [1;37m[mcAntiReLog] [30m####&#####&###&[1;37m@@[30m&########&[1;37m@@[30m&#######[1;34mG55P&[1;37m@[30m###[1;37m&&[30m####[1;37m@@[30m###&[1;37m@[30m&###&[0m
[15:05:28 INFO]: [utilm] [1;37m[mcAntiReLog] [30m###&[1;37m@@[30m###[1;37m@@[30m&###[1;37m@[30m&###[1;37m@@@@&&&[1;37m@@[30m#######[1;34mG55P&[1;37m@[30m####&&&###&[1;37m@@[30m###&###&[1;37m@[0m
[15:05:28 INFO]: [utilm] [1;37m[mcAntiReLog] [30m###&[1;37m@@[30m###[1;37m@@[30m&###[1;37m@@[30m###&&&&##&[1;37m@@[30m&#####[1;34mB555#[1;37m@@[30m&###[1;37m&&&###@@@[30m&#####&[1;37m@@[0m
[15:05:28 INFO]: [utilm] [1;37m[mcAntiReLog] [30m###&[1;37m@@[30m###[1;37m@@[30m&###[1;37m@@@[30m&######&[1;37m@@@@[30m&&##[1;34mBP55B[1;37m@@@@[30m&&#####&[1;37m@@@@@[30m&###&[1;37m@@@[0m
[15:05:28 INFO]: [utilm] [1;37m[mcAntiReLog] ----------------------------------------------------------------[0m
[15:05:28 INFO]: [utilm] [1;37m[mcAntiReLog] *** ПЛАГИН [1;34mmcAntiReLog [1;37mТОЛЬКО НА [1;34mhttps://mcdev.su [1;37m***[0m
[15:05:28 INFO]: [utilm] [1;37m[mcAntiReLog] ----------------------------------------------------------------[0m
[15:05:29 INFO]: [utilm] [1;37m[mcAntiReLog] ----------------------------------------------------------------[0m
[15:05:29 INFO]: [utilm] [1;37m[mcAntiReLog] *** Найдено обновление: [1;34mmcAntiReLog[1;32m [ОБНОВЛЕНИЕ 2.0.2][1;37m ***[0m
[15:05:29 INFO]: [utilm] [1;37m[mcAntiReLog] *** Скачать: [1;34mhttps://mcdev.su/resources/100[1;37m ***[0m
[15:05:29 INFO]: [utilm] [1;37m[mcAntiReLog] ----------------------------------------------------------------[0m
[15:05:29 WARN]: [mcAntiReLog] Loaded class kotlin.jvm.internal.Intrinsics from ajLeaderboards v2.10.1 which is not a depend, softdepend or loadbefore of this plugin.
[15:05:29 INFO]: [PlaceholderAPI] Successfully registered internal expansion: antirelog [1.0.0]
[15:05:29 INFO]: [mcBuyer] Enabling mcBuyer v1.0.21
[15:05:29 INFO]: [utilm] []==========[License-System]==========[]
[15:05:29 INFO]: [utilm] Connecting to License-Server...
[15:05:29 INFO]: [utilm] License valid!
[15:05:29 INFO]: [utilm] []==========[License-System]==========[]
[15:05:29 INFO]: [utilm] [1;37m[mcBuyer] @@@@@@@@@@@@@@@@@@@@@@@@@@@@@@@@@@@@@@@[1;34mG55G[1;37m@@@@@@@@@@@@@@@@@@@@@[0m
[15:05:29 INFO]: [utilm] [1;37m[mcBuyer] [30m&&&&&&&&[1;37m@[30m&&&&&[1;37m@@@@@[30m&&&&&&[1;37m@@@@@@[30m&&###&&[1;34mB55P&[1;37m@[30m&&&&&&[1;37m@@@[30m&&&&[1;37m@@@[30m&&&&[0m
[15:05:29 INFO]: [utilm] [1;37m[mcBuyer] [30m####&#####&###&[1;37m@@[30m&########&[1;37m@@[30m&#######[1;34mG55P&[1;37m@[30m###[1;37m&&[30m####[1;37m@@[30m###&[1;37m@[30m&###&[0m
[15:05:29 INFO]: [utilm] [1;37m[mcBuyer] [30m###&[1;37m@@[30m###[1;37m@@[30m&###[1;37m@[30m&###[1;37m@@@@&&&[1;37m@@[30m#######[1;34mG55P&[1;37m@[30m####&&&###&[1;37m@@[30m###&###&[1;37m@[0m
[15:05:29 INFO]: [utilm] [1;37m[mcBuyer] [30m###&[1;37m@@[30m###[1;37m@@[30m&###[1;37m@@[30m###&&&&##&[1;37m@@[30m&#####[1;34mB555#[1;37m@@[30m&###[1;37m&&&###@@@[30m&#####&[1;37m@@[0m
[15:05:29 INFO]: [utilm] [1;37m[mcBuyer] [30m###&[1;37m@@[30m###[1;37m@@[30m&###[1;37m@@@[30m&######&[1;37m@@@@[30m&&##[1;34mBP55B[1;37m@@@@[30m&&#####&[1;37m@@@@@[30m&###&[1;37m@@@[0m
[15:05:29 INFO]: [utilm] [1;37m[mcBuyer] ----------------------------------------------------------------[0m
[15:05:29 INFO]: [utilm] [1;37m[mcBuyer] *** ПЛАГИН [1;34mmcBuyer [1;37mТОЛЬКО НА [1;34mhttps://mcdev.su [1;37m***[0m
[15:05:29 INFO]: [utilm] [1;37m[mcBuyer] ----------------------------------------------------------------[0m
[15:05:29 INFO]: [utilm] [1;37m[mcBuyer] ----------------------------------------------------------------[0m
[15:05:29 INFO]: [utilm] [1;37m[mcBuyer] *** Найдено обновление: [1;34mmcBuyer[1;32m [ОБНОВЛЕНИЕ 1.0.25][1;37m ***[0m
[15:05:29 INFO]: [utilm] [1;37m[mcBuyer] *** Скачать: [1;34mhttps://mcdev.su/resources/212[1;37m ***[0m
[15:05:29 INFO]: [utilm] [1;37m[mcBuyer] ----------------------------------------------------------------[0m
[15:05:29 INFO]: [PlaceholderAPI] Successfully registered internal expansion: mcbuyer [1.0.0]
[15:05:29 INFO]: [mcMenu] Enabling mcMenu v1.0.17
[15:05:29 INFO]: [utilm] []==========[License-System]==========[]
[15:05:29 INFO]: [utilm] Connecting to License-Server...
[15:05:29 INFO]: [utilm] License valid!
[15:05:29 INFO]: [utilm] []==========[License-System]==========[]
[15:05:29 INFO]: [utilm] [1;37m[mcMenu] @@@@@@@@@@@@@@@@@@@@@@@@@@@@@@@@@@@@@@@[1;34mG55G[1;37m@@@@@@@@@@@@@@@@@@@@@[0m
[15:05:29 INFO]: [utilm] [1;37m[mcMenu] [30m&&&&&&&&[1;37m@[30m&&&&&[1;37m@@@@@[30m&&&&&&[1;37m@@@@@@[30m&&###&&[1;34mB55P&[1;37m@[30m&&&&&&[1;37m@@@[30m&&&&[1;37m@@@[30m&&&&[0m
[15:05:29 INFO]: [utilm] [1;37m[mcMenu] [30m####&#####&###&[1;37m@@[30m&########&[1;37m@@[30m&#######[1;34mG55P&[1;37m@[30m###[1;37m&&[30m####[1;37m@@[30m###&[1;37m@[30m&###&[0m
[15:05:29 INFO]: [utilm] [1;37m[mcMenu] [30m###&[1;37m@@[30m###[1;37m@@[30m&###[1;37m@[30m&###[1;37m@@@@&&&[1;37m@@[30m#######[1;34mG55P&[1;37m@[30m####&&&###&[1;37m@@[30m###&###&[1;37m@[0m
[15:05:29 INFO]: [utilm] [1;37m[mcMenu] [30m###&[1;37m@@[30m###[1;37m@@[30m&###[1;37m@@[30m###&&&&##&[1;37m@@[30m&#####[1;34mB555#[1;37m@@[30m&###[1;37m&&&###@@@[30m&#####&[1;37m@@[0m
[15:05:29 INFO]: [utilm] [1;37m[mcMenu] [30m###&[1;37m@@[30m###[1;37m@@[30m&###[1;37m@@@[30m&######&[1;37m@@@@[30m&&##[1;34mBP55B[1;37m@@@@[30m&&#####&[1;37m@@@@@[30m&###&[1;37m@@@[0m
[15:05:29 INFO]: [utilm] [1;37m[mcMenu] ----------------------------------------------------------------[0m
[15:05:29 INFO]: [utilm] [1;37m[mcMenu] *** ПЛАГИН [1;34mmcMenu [1;37mТОЛЬКО НА [1;34mhttps://mcdev.su [1;37m***[0m
[15:05:29 INFO]: [utilm] [1;37m[mcMenu] ----------------------------------------------------------------[0m
[15:05:29 INFO]: [utilm] [1;37m[mcMenu] ----------------------------------------------------------------[0m
[15:05:29 INFO]: [utilm] [1;37m[mcMenu] *** Найдено обновление: [1;34mmcMenu[1;32m [ОБНОВЛЕНИЕ 1.0.21][1;37m ***[0m
[15:05:29 INFO]: [utilm] [1;37m[mcMenu] *** Скачать: [1;34mhttps://mcdev.su/resources/246[1;37m ***[0m
[15:05:29 INFO]: [utilm] [1;37m[mcMenu] ----------------------------------------------------------------[0m
[15:05:29 INFO]: [mcRegion] Enabling mcRegion v1.0.51
[15:05:29 INFO]: [utilm] []==========[License-System]==========[]
[15:05:29 INFO]: [utilm] Connecting to License-Server...
[15:05:29 INFO]: [utilm] License valid!
[15:05:29 INFO]: [utilm] []==========[License-System]==========[]
[15:05:29 INFO]: [utilm] [1;37m[mcRegion] @@@@@@@@@@@@@@@@@@@@@@@@@@@@@@@@@@@@@@@[1;34mG55G[1;37m@@@@@@@@@@@@@@@@@@@@@[0m
[15:05:29 INFO]: [utilm] [1;37m[mcRegion] [30m&&&&&&&&[1;37m@[30m&&&&&[1;37m@@@@@[30m&&&&&&[1;37m@@@@@@[30m&&###&&[1;34mB55P&[1;37m@[30m&&&&&&[1;37m@@@[30m&&&&[1;37m@@@[30m&&&&[0m
[15:05:29 INFO]: [utilm] [1;37m[mcRegion] [30m####&#####&###&[1;37m@@[30m&########&[1;37m@@[30m&#######[1;34mG55P&[1;37m@[30m###[1;37m&&[30m####[1;37m@@[30m###&[1;37m@[30m&###&[0m
[15:05:29 INFO]: [utilm] [1;37m[mcRegion] [30m###&[1;37m@@[30m###[1;37m@@[30m&###[1;37m@[30m&###[1;37m@@@@&&&[1;37m@@[30m#######[1;34mG55P&[1;37m@[30m####&&&###&[1;37m@@[30m###&###&[1;37m@[0m
[15:05:29 INFO]: [utilm] [1;37m[mcRegion] [30m###&[1;37m@@[30m###[1;37m@@[30m&###[1;37m@@[30m###&&&&##&[1;37m@@[30m&#####[1;34mB555#[1;37m@@[30m&###[1;37m&&&###@@@[30m&#####&[1;37m@@[0m
[15:05:29 INFO]: [utilm] [1;37m[mcRegion] [30m###&[1;37m@@[30m###[1;37m@@[30m&###[1;37m@@@[30m&######&[1;37m@@@@[30m&&##[1;34mBP55B[1;37m@@@@[30m&&#####&[1;37m@@@@@[30m&###&[1;37m@@@[0m
[15:05:29 INFO]: [utilm] [1;37m[mcRegion] ----------------------------------------------------------------[0m
[15:05:29 INFO]: [utilm] [1;37m[mcRegion] *** ПЛАГИН [1;34mmcRegion [1;37mТОЛЬКО НА [1;34mhttps://mcdev.su [1;37m***[0m
[15:05:29 INFO]: [utilm] [1;37m[mcRegion] ----------------------------------------------------------------[0m
[15:05:29 INFO]: [utilm] [1;37m[mcRegion] ----------------------------------------------------------------[0m
[15:05:29 INFO]: [utilm] [1;37m[mcRegion] *** Найдено обновление: [1;34mmcRegion[1;32m [ОБНОВЛЕНИЕ 1.0.55][1;37m ***[0m
[15:05:29 INFO]: [utilm] [1;37m[mcRegion] *** Скачать: [1;34mhttps://mcdev.su/resources/126[1;37m ***[0m
[15:05:29 INFO]: [utilm] [1;37m[mcRegion] ----------------------------------------------------------------[0m
[15:05:29 INFO]: [1;33m[mcRegion] [1;33mЗадействован плагин [1;36mDecentHolograms [1;33mв качестве поставщика голограмм.[0m
[15:05:29 INFO]: [mcClans] Enabling mcClans v1.0.34
[15:05:29 INFO]: [utilm] []==========[License-System]==========[]
[15:05:29 INFO]: [utilm] Connecting to License-Server...
[15:05:29 INFO]: [utilm] License valid!
[15:05:29 INFO]: [utilm] []==========[License-System]==========[]
[15:05:29 INFO]: [utilm] [1;37m[mcClans] @@@@@@@@@@@@@@@@@@@@@@@@@@@@@@@@@@@@@@@[1;34mG55G[1;37m@@@@@@@@@@@@@@@@@@@@@[0m
[15:05:29 INFO]: [utilm] [1;37m[mcClans] [30m&&&&&&&&[1;37m@[30m&&&&&[1;37m@@@@@[30m&&&&&&[1;37m@@@@@@[30m&&###&&[1;34mB55P&[1;37m@[30m&&&&&&[1;37m@@@[30m&&&&[1;37m@@@[30m&&&&[0m
[15:05:29 INFO]: [utilm] [1;37m[mcClans] [30m####&#####&###&[1;37m@@[30m&########&[1;37m@@[30m&#######[1;34mG55P&[1;37m@[30m###[1;37m&&[30m####[1;37m@@[30m###&[1;37m@[30m&###&[0m
[15:05:29 INFO]: [utilm] [1;37m[mcClans] [30m###&[1;37m@@[30m###[1;37m@@[30m&###[1;37m@[30m&###[1;37m@@@@&&&[1;37m@@[30m#######[1;34mG55P&[1;37m@[30m####&&&###&[1;37m@@[30m###&###&[1;37m@[0m
[15:05:29 INFO]: [utilm] [1;37m[mcClans] [30m###&[1;37m@@[30m###[1;37m@@[30m&###[1;37m@@[30m###&&&&##&[1;37m@@[30m&#####[1;34mB555#[1;37m@@[30m&###[1;37m&&&###@@@[30m&#####&[1;37m@@[0m
[15:05:29 INFO]: [utilm] [1;37m[mcClans] [30m###&[1;37m@@[30m###[1;37m@@[30m&###[1;37m@@@[30m&######&[1;37m@@@@[30m&&##[1;34mBP55B[1;37m@@@@[30m&&#####&[1;37m@@@@@[30m&###&[1;37m@@@[0m
[15:05:29 INFO]: [utilm] [1;37m[mcClans] ----------------------------------------------------------------[0m
[15:05:29 INFO]: [utilm] [1;37m[mcClans] *** ПЛАГИН [1;34mmcClans [1;37mТОЛЬКО НА [1;34mhttps://mcdev.su [1;37m***[0m
[15:05:29 INFO]: [utilm] [1;37m[mcClans] ----------------------------------------------------------------[0m
[15:05:29 INFO]: [utilm] [1;37m[mcClans] ----------------------------------------------------------------[0m
[15:05:29 INFO]: [utilm] [1;37m[mcClans] *** Найдено обновление: [1;34mmcClans[1;32m [ОБНОВЛЕНИЕ 2.0.11][1;37m ***[0m
[15:05:29 INFO]: [utilm] [1;37m[mcClans] *** Скачать: [1;34mhttps://mcdev.su/resources/169[1;37m ***[0m
[15:05:29 INFO]: [utilm] [1;37m[mcClans] ----------------------------------------------------------------[0m
[15:05:29 INFO]: [mcEnchants] Enabling mcEnchants v1.0.20
[15:05:29 INFO]: [utilm] []==========[License-System]==========[]
[15:05:29 INFO]: [utilm] Connecting to License-Server...
[15:05:29 INFO]: [utilm] License valid!
[15:05:29 INFO]: [utilm] []==========[License-System]==========[]
[15:05:29 INFO]: [utilm] [1;37m[mcEnchants] @@@@@@@@@@@@@@@@@@@@@@@@@@@@@@@@@@@@@@@[1;34mG55G[1;37m@@@@@@@@@@@@@@@@@@@@@[0m
[15:05:29 INFO]: [utilm] [1;37m[mcEnchants] [30m&&&&&&&&[1;37m@[30m&&&&&[1;37m@@@@@[30m&&&&&&[1;37m@@@@@@[30m&&###&&[1;34mB55P&[1;37m@[30m&&&&&&[1;37m@@@[30m&&&&[1;37m@@@[30m&&&&[0m
[15:05:29 INFO]: [utilm] [1;37m[mcEnchants] [30m####&#####&###&[1;37m@@[30m&########&[1;37m@@[30m&#######[1;34mG55P&[1;37m@[30m###[1;37m&&[30m####[1;37m@@[30m###&[1;37m@[30m&###&[0m
[15:05:29 INFO]: [utilm] [1;37m[mcEnchants] [30m###&[1;37m@@[30m###[1;37m@@[30m&###[1;37m@[30m&###[1;37m@@@@&&&[1;37m@@[30m#######[1;34mG55P&[1;37m@[30m####&&&###&[1;37m@@[30m###&###&[1;37m@[0m
[15:05:29 INFO]: [utilm] [1;37m[mcEnchants] [30m###&[1;37m@@[30m###[1;37m@@[30m&###[1;37m@@[30m###&&&&##&[1;37m@@[30m&#####[1;34mB555#[1;37m@@[30m&###[1;37m&&&###@@@[30m&#####&[1;37m@@[0m
[15:05:29 INFO]: [utilm] [1;37m[mcEnchants] [30m###&[1;37m@@[30m###[1;37m@@[30m&###[1;37m@@@[30m&######&[1;37m@@@@[30m&&##[1;34mBP55B[1;37m@@@@[30m&&#####&[1;37m@@@@@[30m&###&[1;37m@@@[0m
[15:05:29 INFO]: [utilm] [1;37m[mcEnchants] ----------------------------------------------------------------[0m
[15:05:29 INFO]: [utilm] [1;37m[mcEnchants] *** ПЛАГИН [1;34mmcEnchants [1;37mТОЛЬКО НА [1;34mhttps://mcdev.su [1;37m***[0m
[15:05:29 INFO]: [utilm] [1;37m[mcEnchants] ----------------------------------------------------------------[0m
[15:05:29 INFO]: [utilm] [1;37m[mcEnchants] ----------------------------------------------------------------[0m
[15:05:29 INFO]: [utilm] [1;37m[mcEnchants] *** Найдено обновление: [1;34mmcEnchants[1;32m [ОБНОВЛЕНИЕ 2.0.4][1;37m ***[0m
[15:05:29 INFO]: [utilm] [1;37m[mcEnchants] *** Скачать: [1;34mhttps://mcdev.su/resources/271[1;37m ***[0m
[15:05:29 INFO]: [utilm] [1;37m[mcEnchants] ----------------------------------------------------------------[0m
[15:05:30 INFO]: [mcItems] Enabling mcItems v1.0.42
[15:05:30 INFO]: [utilm] []==========[License-System]==========[]
[15:05:30 INFO]: [utilm] Connecting to License-Server...
[15:05:30 INFO]: [utilm] License valid!
[15:05:30 INFO]: [utilm] []==========[License-System]==========[]
[15:05:30 INFO]: [utilm] [1;37m[mcItems] @@@@@@@@@@@@@@@@@@@@@@@@@@@@@@@@@@@@@@@[1;34mG55G[1;37m@@@@@@@@@@@@@@@@@@@@@[0m
[15:05:30 INFO]: [utilm] [1;37m[mcItems] [30m&&&&&&&&[1;37m@[30m&&&&&[1;37m@@@@@[30m&&&&&&[1;37m@@@@@@[30m&&###&&[1;34mB55P&[1;37m@[30m&&&&&&[1;37m@@@[30m&&&&[1;37m@@@[30m&&&&[0m
[15:05:30 INFO]: [utilm] [1;37m[mcItems] [30m####&#####&###&[1;37m@@[30m&########&[1;37m@@[30m&#######[1;34mG55P&[1;37m@[30m###[1;37m&&[30m####[1;37m@@[30m###&[1;37m@[30m&###&[0m
[15:05:30 INFO]: [utilm] [1;37m[mcItems] [30m###&[1;37m@@[30m###[1;37m@@[30m&###[1;37m@[30m&###[1;37m@@@@&&&[1;37m@@[30m#######[1;34mG55P&[1;37m@[30m####&&&###&[1;37m@@[30m###&###&[1;37m@[0m
[15:05:30 INFO]: [utilm] [1;37m[mcItems] [30m###&[1;37m@@[30m###[1;37m@@[30m&###[1;37m@@[30m###&&&&##&[1;37m@@[30m&#####[1;34mB555#[1;37m@@[30m&###[1;37m&&&###@@@[30m&#####&[1;37m@@[0m
[15:05:30 INFO]: [utilm] [1;37m[mcItems] [30m###&[1;37m@@[30m###[1;37m@@[30m&###[1;37m@@@[30m&######&[1;37m@@@@[30m&&##[1;34mBP55B[1;37m@@@@[30m&&#####&[1;37m@@@@@[30m&###&[1;37m@@@[0m
[15:05:30 INFO]: [utilm] [1;37m[mcItems] ----------------------------------------------------------------[0m
[15:05:30 INFO]: [utilm] [1;37m[mcItems] *** ПЛАГИН [1;34mmcItems [1;37mТОЛЬКО НА [1;34mhttps://mcdev.su [1;37m***[0m
[15:05:30 INFO]: [utilm] [1;37m[mcItems] ----------------------------------------------------------------[0m
[15:05:30 INFO]: [utilm] [1;37m[mcItems] ----------------------------------------------------------------[0m
[15:05:30 INFO]: [utilm] [1;37m[mcItems] *** Найдено обновление: [1;34mmcItems[1;32m [ОБНОВЛЕНИЕ 2.0.4][1;37m ***[0m
[15:05:30 INFO]: [utilm] [1;37m[mcItems] *** Скачать: [1;34mhttps://mcdev.su/resources/256[1;37m ***[0m
[15:05:30 INFO]: [utilm] [1;37m[mcItems] ----------------------------------------------------------------[0m
[15:05:30 INFO]: [PlaceholderAPI] Placeholder expansion registration initializing...
[15:05:30 INFO]: Running delayed init tasks
[15:05:30 INFO]: [HideStream] Running updater ..
[15:05:30 INFO]: [ViaVersion] Finished mapping loading, shutting down loader executor.
[15:05:30 INFO]: [DecentHolograms] Loading holograms... 
[15:05:30 INFO]: [HideStream] Update checking has been disabled in the updater config.
[15:05:30 INFO]: [PlaceholderAPI] Successfully registered internal expansion: playerpoints [3.3.3]
[15:05:30 INFO]: [DecentHolograms] Loaded 19 holograms!
[15:05:30 WARN]: [CMI] Loaded class net.luckperms.api.LuckPerms from LuckPerms v5.5.22 which is not a depend, softdepend or loadbefore of this plugin.
[15:05:30 INFO]: [CMI] Permission plugin: LuckPerms5.5.22
[15:05:30 INFO]: [PlaceholderAPI] Successfully registered internal expansion: cmi [9.8.4.4]
[15:05:30 INFO]: [CMI] PlaceholderAPI hooked.
[15:05:30 INFO]: [PlayerPoints] An update for PlayerPoints (v3.3.5) is available! You are running v3.3.3.
[15:05:30 INFO]: New version of CMILib was detected. Please update it (1.5.8.2 -> 1.5.9.9)
[15:05:30 WARN]: [utilm] Loaded class org.black_ixx.playerpoints.PlayerPoints from PlayerPoints v3.3.3 which is not a depend, softdepend or loadbefore of this plugin.
[15:05:30 WARN]: [mcMenu] Loaded class org.apache.commons.io.FileUtils from Chatty v2.19.14 which is not a depend, softdepend or loadbefore of this plugin.
[15:05:31 WARN]: [mcClans] Loaded class com.github.benmanes.caffeine.cache.Caffeine from DevLib v3.1.5 which is not a depend, softdepend or loadbefore of this plugin.
[15:05:31 INFO]: [PlaceholderAPI] Successfully registered internal expansion: mcclans [1.0.0]
[15:05:31 WARN]: [utilm] Loaded class su.mcdev.minecraft.spigot.plugin.mcclans.database.data.BattleKillData_ from mcClans v1.0.34 which is not a depend, softdepend or loadbefore of this plugin.
[15:05:31 WARN]: [utilm] Loaded class org.h2.Driver from DevLib v3.1.5 which is not a depend, softdepend or loadbefore of this plugin.
[15:05:31 WARN]: [utilm] Loaded class com.Zrips.CMI.Modules.DataBase.DBDrivers from CMI v9.8.4.4 which is not a depend, softdepend or loadbefore of this plugin.
[15:05:32 WARN]: [mcEnchants] Loaded class org.json.JSONException from DevLib v3.1.5 which is not a depend, softdepend or loadbefore of this plugin.
[15:05:32 INFO]: [NBTAPI] [NBTAPI] Found Minecraft: v1_16_R3! Trying to find NMS support
[15:05:32 INFO]: [NBTAPI] [NBTAPI] NMS support 'MC1_16_R3' loaded!
[15:05:32 INFO]: [NBTAPI] [NBTAPI] Using the plugin 'utilm' to create a bStats instance!
[15:05:33 INFO]: [Citizens] Loaded 25 NPCs.
[15:05:33 INFO]: [Triton] Registered ProtocolLib listeners
[15:05:33 INFO]: mystic 89
[15:05:33 WARN]: [ViaVersion] There is a newer plugin version available: 5.11.0, you're on: 5.7.0
[15:05:33 INFO]: [PlaceholderAPI] Successfully registered external expansion: checkitem [2.7.2]
[15:05:33 WARN]: [PlaceholderAPI] Loaded class net.luckperms.api.LuckPerms from LuckPerms v5.5.22 which is not a depend, softdepend or loadbefore of this plugin.
[15:05:33 INFO]: [PlaceholderAPI] Successfully registered external expansion: luckperms [5.4-R2]
[15:05:33 INFO]: [PlaceholderAPI] Successfully registered external expansion: math [2.0.2]
[15:05:33 INFO]: [PlaceholderAPI] Successfully registered external expansion: player [2.0.8]
[15:05:33 INFO]: [PlaceholderAPI] Successfully registered external expansion: server [2.6.2]
[15:05:33 INFO]: [PlaceholderAPI] Successfully registered external expansion: statistic [2.0.1]
[15:05:33 WARN]: [PlaceholderAPI] Loaded class net.milkbowl.vault.economy.Economy from Vault v1.7.3-b131 which is not a depend, softdepend or loadbefore of this plugin.
[15:05:33 INFO]: [PlaceholderAPI] Successfully registered external expansion: vault [1.8.3]
[15:05:33 INFO]: [PAPI] [Javascript-Expansion] 5 scripts loaded!
[15:05:33 INFO]: [PlaceholderAPI] Successfully registered external expansion: javascript [2.1.2]
[15:05:33 INFO]: 8 placeholder hook(s) registered! 4 placeholder hook(s) have an update available.
[15:05:34 INFO]: Done (38.771s)! For help, type "help"
[15:05:34 INFO]: Timings Reset
[15:05:34 INFO]: [Images] Loaded 9 images...
[15:06:30 WARN]: [mcBuyer] Loaded class org.apache.commons.io.FileUtils from Chatty v2.19.14 which is not a depend, softdepend or loadbefore of this plugin.
[15:06:35 INFO]: [CMI] SQLite 3.34.0 data base type detected
[15:06:35 INFO]: [CMI] Start Back up
[15:06:35 INFO]: [CMI] Copied playtimereward data
[15:06:35 INFO]: [CMI] Copied users data
[15:06:35 INFO]: [CMI] Finish Back up copy process
[15:06:35 INFO]: [CMI] Backup compacted: 2026-09-05_15-06-35_cmi.sqlite.db.zip
[15:06:35 INFO]: [CMI] Removed temporary file
[15:08:30 INFO]: mystic 89
[15:08:53 INFO]: [WorldGuard] Region data changes made in 'world' have been background saved
[15:10:30 INFO]: Сохранение данных кланов...
[15:10:30 INFO]: Данные кланов сохранены!
[15:13:34 INFO]: [LiteBans] ======================================
[15:13:34 INFO]: [LiteBans] || Plugin access has been disabled! ||
[15:13:34 INFO]: [LiteBans] || If you have bought LiteBans,     ||
[15:13:34 INFO]: [LiteBans] || contact Ruan on SpigotMC.        ||
[15:13:34 INFO]: [LiteBans] ======================================
[15:15:30 INFO]: Сохранение данных кланов...
[15:15:30 INFO]: Данные кланов сохранены!
[15:15:53 INFO]: [WorldGuard] Region data changes made in 'world' have been background saved
[15:17:38 WARN]: [io.netty.channel.DefaultChannelPipeline] An exceptionCaught() event was fired, and it reached at the tail of the pipeline. It usually means the last handler in the pipeline did not handle the exception.
java.lang.IllegalStateException: zip file closed
	at java.util.zip.ZipFile.ensureOpen(ZipFile.java:840) ~[?:?]
	at java.util.zip.ZipFile.getEntry(ZipFile.java:339) ~[?:?]
	at java.util.jar.JarFile.getEntry(JarFile.java:517) ~[?:?]
	at java.util.jar.JarFile.getJarEntry(JarFile.java:472) ~[?:?]
	at org.bukkit.plugin.java.PluginClassLoader.findClass(PluginClassLoader.java:167) ~[patched_1.16.5.jar:git-Purpur-1171]
	at java.lang.ClassLoader.loadClass(ClassLoader.java:587) ~[?:?]
	at org.bukkit.plugin.java.PluginClassLoader.loadClass0(PluginClassLoader.java:119) ~[patched_1.16.5.jar:git-Purpur-1171]
	at org.bukkit.plugin.java.PluginClassLoader.loadClass(PluginClassLoader.java:114) ~[patched_1.16.5.jar:git-Purpur-1171]
	at java.lang.ClassLoader.loadClass(ClassLoader.java:520) ~[?:?]
	at it.ytnoos.lpx.lib.com.github.retrooper.packetevents.injector.connection.ServerChannelHandler.channelRead(ServerChannelHandler.java) ~[?:?]
	at io.netty.channel.AbstractChannelHandlerContext.invokeChannelRead(AbstractChannelHandlerContext.java:379) ~[patched_1.16.5.jar:git-Purpur-1171]
	at io.netty.channel.AbstractChannelHandlerContext.invokeChannelRead(AbstractChannelHandlerContext.java:365) ~[patched_1.16.5.jar:git-Purpur-1171]
	at io.netty.channel.AbstractChannelHandlerContext.fireChannelRead(AbstractChannelHandlerContext.java:357) ~[patched_1.16.5.jar:git-Purpur-1171]
	at com.comphenix.protocol.injector.netty.manager.InjectionChannelInitializer.channelRead(InjectionChannelInitializer.java:26) ~[?:?]
	at io.netty.channel.AbstractChannelHandlerContext.invokeChannelRead(AbstractChannelHandlerContext.java:379) ~[patched_1.16.5.jar:git-Purpur-1171]
	at io.netty.channel.AbstractChannelHandlerContext.invokeChannelRead(AbstractChannelHandlerContext.java:365) ~[patched_1.16.5.jar:git-Purpur-1171]
	at io.netty.channel.AbstractChannelHandlerContext.fireChannelRead(AbstractChannelHandlerContext.java:357) ~[patched_1.16.5.jar:git-Purpur-1171]
	at io.netty.channel.DefaultChannelPipeline$HeadContext.channelRead(DefaultChannelPipeline.java:1410) ~[patched_1.16.5.jar:git-Purpur-1171]
	at io.netty.channel.AbstractChannelHandlerContext.invokeChannelRead(AbstractChannelHandlerContext.java:379) ~[patched_1.16.5.jar:git-Purpur-1171]
	at io.netty.channel.AbstractChannelHandlerContext.invokeChannelRead(AbstractChannelHandlerContext.java:365) ~[patched_1.16.5.jar:git-Purpur-1171]
	at io.netty.channel.DefaultChannelPipeline.fireChannelRead(DefaultChannelPipeline.java:919) ~[patched_1.16.5.jar:git-Purpur-1171]
	at io.netty.channel.nio.AbstractNioMessageChannel$NioMessageUnsafe.read(AbstractNioMessageChannel.java:93) ~[patched_1.16.5.jar:git-Purpur-1171]
	at io.netty.channel.nio.NioEventLoop.processSelectedKey(NioEventLoop.java:714) ~[patched_1.16.5.jar:git-Purpur-1171]
	at io.netty.channel.nio.NioEventLoop.processSelectedKeysOptimized(NioEventLoop.java:650) ~[patched_1.16.5.jar:git-Purpur-1171]
	at io.netty.channel.nio.NioEventLoop.processSelectedKeys(NioEventLoop.java:576) ~[patched_1.16.5.jar:git-Purpur-1171]
	at io.netty.channel.nio.NioEventLoop.run(NioEventLoop.java:493) ~[patched_1.16.5.jar:git-Purpur-1171]
	at io.netty.util.concurrent.SingleThreadEventExecutor$4.run(SingleThreadEventExecutor.java:989) ~[patched_1.16.5.jar:git-Purpur-1171]
	at io.netty.util.internal.ThreadExecutorMap$2.run(ThreadExecutorMap.java:74) ~[patched_1.16.5.jar:git-Purpur-1171]
	at java.lang.Thread.run(Thread.java:842) [?:?]
[15:17:48 WARN]: [io.netty.channel.DefaultChannelPipeline] An exceptionCaught() event was fired, and it reached at the tail of the pipeline. It usually means the last handler in the pipeline did not handle the exception.
java.lang.IllegalStateException: zip file closed
	at java.util.zip.ZipFile.ensureOpen(ZipFile.java:840) ~[?:?]
	at java.util.zip.ZipFile.getEntry(ZipFile.java:339) ~[?:?]
	at java.util.jar.JarFile.getEntry(JarFile.java:517) ~[?:?]
	at java.util.jar.JarFile.getJarEntry(JarFile.java:472) ~[?:?]
	at org.bukkit.plugin.java.PluginClassLoader.findClass(PluginClassLoader.java:167) ~[patched_1.16.5.jar:git-Purpur-1171]
	at java.lang.ClassLoader.loadClass(ClassLoader.java:587) ~[?:?]
	at org.bukkit.plugin.java.PluginClassLoader.loadClass0(PluginClassLoader.java:119) ~[patched_1.16.5.jar:git-Purpur-1171]
	at org.bukkit.plugin.java.PluginClassLoader.loadClass(PluginClassLoader.java:114) ~[patched_1.16.5.jar:git-Purpur-1171]
	at java.lang.ClassLoader.loadClass(ClassLoader.java:520) ~[?:?]
	at it.ytnoos.lpx.lib.com.github.retrooper.packetevents.injector.connection.ServerChannelHandler.channelRead(ServerChannelHandler.java) ~[?:?]
	at io.netty.channel.AbstractChannelHandlerContext.invokeChannelRead(AbstractChannelHandlerContext.java:379) ~[patched_1.16.5.jar:git-Purpur-1171]
	at io.netty.channel.AbstractChannelHandlerContext.invokeChannelRead(AbstractChannelHandlerContext.java:365) ~[patched_1.16.5.jar:git-Purpur-1171]
	at io.netty.channel.AbstractChannelHandlerContext.fireChannelRead(AbstractChannelHandlerContext.java:357) ~[patched_1.16.5.jar:git-Purpur-1171]
	at com.comphenix.protocol.injector.netty.manager.InjectionChannelInitializer.channelRead(InjectionChannelInitializer.java:26) ~[?:?]
	at io.netty.channel.AbstractChannelHandlerContext.invokeChannelRead(AbstractChannelHandlerContext.java:379) ~[patched_1.16.5.jar:git-Purpur-1171]
	at io.netty.channel.AbstractChannelHandlerContext.invokeChannelRead(AbstractChannelHandlerContext.java:365) ~[patched_1.16.5.jar:git-Purpur-1171]
	at io.netty.channel.AbstractChannelHandlerContext.fireChannelRead(AbstractChannelHandlerContext.java:357) ~[patched_1.16.5.jar:git-Purpur-1171]
	at io.netty.channel.DefaultChannelPipeline$HeadContext.channelRead(DefaultChannelPipeline.java:1410) ~[patched_1.16.5.jar:git-Purpur-1171]
	at io.netty.channel.AbstractChannelHandlerContext.invokeChannelRead(AbstractChannelHandlerContext.java:379) ~[patched_1.16.5.jar:git-Purpur-1171]
	at io.netty.channel.AbstractChannelHandlerContext.invokeChannelRead(AbstractChannelHandlerContext.java:365) ~[patched_1.16.5.jar:git-Purpur-1171]
	at io.netty.channel.DefaultChannelPipeline.fireChannelRead(DefaultChannelPipeline.java:919) ~[patched_1.16.5.jar:git-Purpur-1171]
	at io.netty.channel.nio.AbstractNioMessageChannel$NioMessageUnsafe.read(AbstractNioMessageChannel.java:93) ~[patched_1.16.5.jar:git-Purpur-1171]
	at io.netty.channel.nio.NioEventLoop.processSelectedKey(NioEventLoop.java:714) ~[patched_1.16.5.jar:git-Purpur-1171]
	at io.netty.channel.nio.NioEventLoop.processSelectedKeysOptimized(NioEventLoop.java:650) ~[patched_1.16.5.jar:git-Purpur-1171]
	at io.netty.channel.nio.NioEventLoop.processSelectedKeys(NioEventLoop.java:576) ~[patched_1.16.5.jar:git-Purpur-1171]
	at io.netty.channel.nio.NioEventLoop.run(NioEventLoop.java:493) ~[patched_1.16.5.jar:git-Purpur-1171]
	at io.netty.util.concurrent.SingleThreadEventExecutor$4.run(SingleThreadEventExecutor.java:989) ~[patched_1.16.5.jar:git-Purpur-1171]
	at io.netty.util.internal.ThreadExecutorMap$2.run(ThreadExecutorMap.java:74) ~[patched_1.16.5.jar:git-Purpur-1171]
	at java.lang.Thread.run(Thread.java:842) [?:?]
[15:17:49 WARN]: [io.netty.channel.DefaultChannelPipeline] An exceptionCaught() event was fired, and it reached at the tail of the pipeline. It usually means the last handler in the pipeline did not handle the exception.
java.lang.IllegalStateException: zip file closed
	at java.util.zip.ZipFile.ensureOpen(ZipFile.java:840) ~[?:?]
	at java.util.zip.ZipFile.getEntry(ZipFile.java:339) ~[?:?]
	at java.util.jar.JarFile.getEntry(JarFile.java:517) ~[?:?]
	at java.util.jar.JarFile.getJarEntry(JarFile.java:472) ~[?:?]
	at org.bukkit.plugin.java.PluginClassLoader.findClass(PluginClassLoader.java:167) ~[patched_1.16.5.jar:git-Purpur-1171]
	at java.lang.ClassLoader.loadClass(ClassLoader.java:587) ~[?:?]
	at org.bukkit.plugin.java.PluginClassLoader.loadClass0(PluginClassLoader.java:119) ~[patched_1.16.5.jar:git-Purpur-1171]
	at org.bukkit.plugin.java.PluginClassLoader.loadClass(PluginClassLoader.java:114) ~[patched_1.16.5.jar:git-Purpur-1171]
	at java.lang.ClassLoader.loadClass(ClassLoader.java:520) ~[?:?]
	at it.ytnoos.lpx.lib.com.github.retrooper.packetevents.injector.connection.ServerChannelHandler.channelRead(ServerChannelHandler.java) ~[?:?]
	at io.netty.channel.AbstractChannelHandlerContext.invokeChannelRead(AbstractChannelHandlerContext.java:379) ~[patched_1.16.5.jar:git-Purpur-1171]
	at io.netty.channel.AbstractChannelHandlerContext.invokeChannelRead(AbstractChannelHandlerContext.java:365) ~[patched_1.16.5.jar:git-Purpur-1171]
	at io.netty.channel.AbstractChannelHandlerContext.fireChannelRead(AbstractChannelHandlerContext.java:357) ~[patched_1.16.5.jar:git-Purpur-1171]
	at com.comphenix.protocol.injector.netty.manager.InjectionChannelInitializer.channelRead(InjectionChannelInitializer.java:26) ~[?:?]
	at io.netty.channel.AbstractChannelHandlerContext.invokeChannelRead(AbstractChannelHandlerContext.java:379) ~[patched_1.16.5.jar:git-Purpur-1171]
	at io.netty.channel.AbstractChannelHandlerContext.invokeChannelRead(AbstractChannelHandlerContext.java:365) ~[patched_1.16.5.jar:git-Purpur-1171]
	at io.netty.channel.AbstractChannelHandlerContext.fireChannelRead(AbstractChannelHandlerContext.java:357) ~[patched_1.16.5.jar:git-Purpur-1171]
	at io.netty.channel.DefaultChannelPipeline$HeadContext.channelRead(DefaultChannelPipeline.java:1410) ~[patched_1.16.5.jar:git-Purpur-1171]
	at io.netty.channel.AbstractChannelHandlerContext.invokeChannelRead(AbstractChannelHandlerContext.java:379) ~[patched_1.16.5.jar:git-Purpur-1171]
	at io.netty.channel.AbstractChannelHandlerContext.invokeChannelRead(AbstractChannelHandlerContext.java:365) ~[patched_1.16.5.jar:git-Purpur-1171]
	at io.netty.channel.DefaultChannelPipeline.fireChannelRead(DefaultChannelPipeline.java:919) ~[patched_1.16.5.jar:git-Purpur-1171]
	at io.netty.channel.nio.AbstractNioMessageChannel$NioMessageUnsafe.read(AbstractNioMessageChannel.java:93) ~[patched_1.16.5.jar:git-Purpur-1171]
	at io.netty.channel.nio.NioEventLoop.processSelectedKey(NioEventLoop.java:714) ~[patched_1.16.5.jar:git-Purpur-1171]
	at io.netty.channel.nio.NioEventLoop.processSelectedKeysOptimized(NioEventLoop.java:650) ~[patched_1.16.5.jar:git-Purpur-1171]
	at io.netty.channel.nio.NioEventLoop.processSelectedKeys(NioEventLoop.java:576) ~[patched_1.16.5.jar:git-Purpur-1171]
	at io.netty.channel.nio.NioEventLoop.run(NioEventLoop.java:493) ~[patched_1.16.5.jar:git-Purpur-1171]
	at io.netty.util.concurrent.SingleThreadEventExecutor$4.run(SingleThreadEventExecutor.java:989) ~[patched_1.16.5.jar:git-Purpur-1171]
	at io.netty.util.internal.ThreadExecutorMap$2.run(ThreadExecutorMap.java:74) ~[patched_1.16.5.jar:git-Purpur-1171]
	at java.lang.Thread.run(Thread.java:842) [?:?]
[15:18:02 INFO]: Stopping the server
[15:18:02 INFO]: Stopping server
[15:18:02 INFO]: [mcItems] Disabling mcItems v1.0.42
[15:18:02 INFO]: [mcEnchants] Disabling mcEnchants v1.0.20
[15:18:02 INFO]: [mcClans] Disabling mcClans v1.0.34
[15:18:02 INFO]: Сохранение данных кланов...
[15:18:02 INFO]: Данные кланов сохранены!
[15:18:02 INFO]: [mcRegion] Disabling mcRegion v1.0.51
[15:18:02 INFO]: [mcMenu] Disabling mcMenu v1.0.17
[15:18:02 INFO]: [mcBuyer] Disabling mcBuyer v1.0.21
[15:18:02 INFO]: [mcAntiReLog] Disabling mcAntiReLog v1.1.21
[15:18:02 INFO]: [BattlePass] Disabling BattlePass v4.3.6
[15:18:02 INFO]: [AbstractMenus] Disabling AbstractMenus v1.16.7
[15:18:02 INFO]: [Triton] Disabling Triton v3.12.1
[15:18:02 INFO]: [utilm] Disabling utilm v1.0.63
[15:18:02 INFO]: [BAuction] Disabling BAuction v1.3.1
[15:18:02 INFO]: [BAuction] saved 0 items, 2 users and 0 unsold items in 4 ms
[15:18:02 INFO]: [FunBeacon] Disabling FunBeacon v1.1
[15:18:02 INFO]: [Citizens] Disabling Citizens v2.0.35-SNAPSHOT (build 3473)
[15:18:02 INFO]: [AdvancedEnchantments] Disabling AdvancedEnchantments v9.1.5
[15:18:02 INFO]: [Duels] Disabling Duels v3.5.3
[15:18:02 INFO]: [Duels] Disable process took 5ms.
[15:18:02 INFO]: [antiRedstoneClock] Disabling antiRedstoneClock v1.5.0
[15:18:02 INFO]: [FunEvents] Disabling FunEvents v3.0.1
[15:18:02 INFO]: [WorldGuard] Disabling WorldGuard v7.0.4+f7ff984
[15:18:02 INFO]: [WorldGuard] Shutting down executor and cancelling any pending tasks...
[15:18:02 INFO]: [DevCooldown] Disabling DevCooldown v1.0.4
[15:18:02 INFO]: [DevKillerMoney] Disabling DevKillerMoney v1.0.0
[15:18:02 INFO]: [BLib] Disabling BLib v1.0.9
[15:18:02 INFO]: [SpookyStash] Disabling SpookyStash v1.0
[15:18:02 INFO]: [TAB] Disabling TAB v5.3.2
[15:18:02 INFO]: [TAB] Disabled in 0ms
[15:18:02 INFO]: [ajLeaderboards] Disabling ajLeaderboards v2.10.1
[15:18:02 INFO]: [ajLeaderboards] Shutting down cache method..
[15:18:02 INFO]: [ajLeaderboards] Cache method shut down
[15:18:02 INFO]: [ajLeaderboards] Killing remaining workers
[15:18:02 INFO]: [ajLeaderboards] Remaining workers killed
[15:18:02 INFO]: [ajLeaderboards] ajLeaderboards v2.10.1 disabled.
[15:18:02 INFO]: [DevMines] Disabling DevMines v1.0.0
[15:18:02 INFO]: [SpookyCasino] Disabling SpookyCasino v1.0
[15:18:02 INFO]: [ACubelets] Disabling ACubelets v2.5.0
[15:18:02 INFO]: 
[15:18:02 INFO]:   ACubelets Disabled!
[15:18:02 INFO]:     Version: 2.5.0
[15:18:02 INFO]:     Author: DavidML16, Fedox
[15:18:02 INFO]: 
[15:18:02 INFO]: [BetterTalismans] Disabling BetterTalismans v0.8-BETA
[15:18:02 INFO]:  
[15:18:02 INFO]: [BetterTalismans] Plugin has been disabled!
[15:18:02 INFO]: [BetterTalismans] Thank you for using my plugin!
[15:18:02 INFO]:  
[15:18:02 INFO]: [WorldEdit] Disabling WorldEdit v7.2.5+57d5ac9
[15:18:02 INFO]: Unregistering com.sk89q.worldedit.bukkit.BukkitServerInterface from WorldEdit
[15:18:02 INFO]: [Chatty] Disabling Chatty v2.19.14
[15:18:02 INFO]: [MyCommand] Disabling MyCommand v5.7.4
[15:18:02 INFO]: *-=-=-=-=-=-=-=-=-* MyCommand v.5.7.4*-=-=-=-=-=-=-=-=-=-*
[15:18:02 INFO]: | Tasks : Stopped all tasks.
[15:18:02 INFO]: *-=-=-=-=-=-=-=-=-=-*    Bye!   *-=-=-=-=-=-=-=-=-=-=-*
[15:18:02 INFO]: [CMIEInjector] Disabling CMIEInjector v1.0.2.4
[15:18:02 INFO]: [Images] Disabling Images v2.5.9
[15:18:02 INFO]: [DevLib] Disabling DevLib v3.1.5
[15:18:02 INFO]: [CMI] Disabling CMI v9.8.4.4
[15:18:02 INFO]: [CMI] Closed db connections
[15:18:02 INFO]: [PlayerPoints] Disabling PlayerPoints v3.3.3
[15:18:02 INFO]: [Chunky] Disabling Chunky v1.3.38
[15:18:02 INFO]: [FunSpeculator] Disabling FunSpeculator v2.4.7
[15:18:02 INFO]: PrimeSeller | ██████╗░██████╗░██╗███╗░░░███╗███████╗░██████╗███████╗██╗░░░░░██╗░░░░░███████╗██████╗░
[15:18:02 INFO]: PrimeSeller | ██╔══██╗██╔══██╗██║████╗░████║██╔════╝██╔════╝██╔════╝██║░░░░░██║░░░░░██╔════╝██╔══██╗
[15:18:02 INFO]: PrimeSeller | ██████╔╝██████╔╝██║██╔████╔██║█████╗░░╚█████╗░█████╗░░██║░░░░░██║░░░░░█████╗░░██████╔╝
[15:18:02 INFO]: PrimeSeller | ██╔═══╝░██╔══██╗██║██║╚██╔╝██║██╔══╝░░░╚═══██╗██╔══╝░░██║░░░░░██║░░░░░██╔══╝░░██╔══██╗
[15:18:02 INFO]: PrimeSeller | ██║░░░░░██║░░██║██║██║░╚═╝░██║███████╗██████╔╝███████╗███████╗███████╗███████╗██║░░██║
[15:18:02 INFO]: PrimeSeller | ╚═╝░░░░░╚═╝░░╚═╝╚═╝╚═╝░░░░░╚═╝╚══════╝╚═════╝░╚══════╝╚══════╝╚══════╝╚══════╝╚═╝░░╚═╝
[15:18:02 INFO]: PrimeSeller | ▀█░█▀ █▀▀ █▀▀█ █▀▀ ░▀░ █▀▀█ █▀▀▄ v2.4.7
[15:18:02 INFO]: PrimeSeller | ░█▄█░ █▀▀ █▄▄▀ ▀▀█ ▀█▀ █░░█ █░░█ | Developer: Telegram: @byteswing
[15:18:02 INFO]: PrimeSeller | ░░▀░░ ▀▀▀ ▀░▀▀ ▀▀▀ ▀▀▀ ▀▀▀▀ ▀░░▀ | Server version: (1.16.5)
[15:18:02 INFO]: [BottledExp] Disabling BottledExp v3.2.4.0
[15:18:02 INFO]: [BottledExp] You are no longer able to fill XP into Bottles
[15:18:02 INFO]: [TokenManager] Disabling TokenManager v3.2.8
[15:18:02 INFO]: [PlaceholderAPI] Unregistered placeholder expansion tm
[15:18:02 INFO]: [PlaceholderAPI] Reason: required plugin TokenManager was disabled.
[15:18:02 INFO]: [TokenManager] Unloaded HookManager.
[15:18:02 INFO]: [TokenManager] Unloaded WorthConfig.
[15:18:02 INFO]: [TokenManager] Unloaded ShopManager.
[15:18:02 INFO]: [TokenManager] Unloaded ShopConfig.
[15:18:02 INFO]: [TokenManager] Saving data to file...
[15:18:02 INFO]: [TokenManager] Save complete.
[15:18:02 INFO]: [TokenManager] Unloaded DataManager.
[15:18:02 INFO]: [TokenManager] Unloaded Lang.
[15:18:02 INFO]: [TokenManager] Unloaded Config.
[15:18:02 INFO]: [Vault] Disabling Vault v1.7.3-b131
[15:18:02 INFO]: [PlaceholderAPI] Unregistered placeholder expansion vault
[15:18:02 INFO]: [PlaceholderAPI] Reason: required plugin Vault was disabled.
[15:18:02 INFO]: [FunUtils] Disabling FunUtils v1.0
[15:18:02 INFO]: [FunReports] Disabling FunReports v1.0-RELEASE
[15:18:02 INFO]: [NoPlayerHeadDrop] Disabling NoPlayerHeadDrop v1.0
[15:18:02 INFO]: [ProtocolLib] Disabling ProtocolLib v5.4.0
[15:18:02 INFO]: [LiteBans] Disabling LiteBans v2.17.2
[15:18:02 INFO]: [LiteBans] v2.17.2 disabled.
[15:18:02 INFO]: [WorldBorder] Disabling WorldBorder v1.8.7
[15:18:02 INFO]: [WorldBorder] [CONFIG] Border-checking timed task stopped.
[15:18:02 INFO]: [[38;5;11m⚡[0m] Disabling LagFixer v1.4.30 [build 123][0m
[15:18:02 INFO]: [[38;5;11m⚡[0m] [38;5;8m([38;5;11mErrorsManager[38;5;8m) [38;5;246m-> [38;5;15mDisabling manager...[0m
[15:18:02 INFO]: [[38;5;11m⚡[0m] [38;5;8m([38;5;11mErrorsManager[38;5;8m) [38;5;246m-> [38;5;15mDisabled manager in [38;5;11m0ms[38;5;15m![0m
[15:18:02 INFO]: [[38;5;11m⚡[0m] [38;5;8m([38;5;11mSupportManager[38;5;8m) [38;5;246m-> [38;5;15mDisabling manager...[0m
[15:18:02 INFO]: [[38;5;11m⚡[0m] [38;5;8m([38;5;11mSupportManager[38;5;8m) [38;5;246m-> [38;5;15mDisabled manager in [38;5;11m0ms[38;5;15m![0m
[15:18:02 INFO]: [[38;5;11m⚡[0m] [38;5;8m([38;5;11mConfigManager[38;5;8m) [38;5;246m-> [38;5;15mDisabling manager...[0m
[15:18:02 INFO]: [[38;5;11m⚡[0m] [38;5;8m([38;5;11mConfigManager[38;5;8m) [38;5;246m-> [38;5;15mDisabled manager in [38;5;11m0ms[38;5;15m![0m
[15:18:02 INFO]: [[38;5;11m⚡[0m] [38;5;8m([38;5;11mHookManager[38;5;8m) [38;5;246m-> [38;5;15mDisabling manager...[0m
[15:18:02 INFO]: [[38;5;11m⚡[0m]  [38;5;8m• [0mSuccessfully disabled hook PlaceholderAPI in 0ms![0m
[15:18:02 INFO]: [[38;5;11m⚡[0m] [38;5;8m([38;5;11mHookManager[38;5;8m) [38;5;246m-> [38;5;15mDisabled manager in [38;5;11m0ms[38;5;15m![0m
[15:18:02 INFO]: [[38;5;11m⚡[0m] [38;5;8m([38;5;11mMetricsManager[38;5;8m) [38;5;246m-> [38;5;15mDisabling manager...[0m
[15:18:02 INFO]: [[38;5;11m⚡[0m] [38;5;8m([38;5;11mMetricsManager[38;5;8m) [38;5;246m-> [38;5;15mDisabled manager in [38;5;11m0ms[38;5;15m![0m
[15:18:02 INFO]: [[38;5;11m⚡[0m] [38;5;8m([38;5;11mUpdaterManager[38;5;8m) [38;5;246m-> [38;5;15mDisabling manager...[0m
[15:18:02 INFO]: [[38;5;11m⚡[0m] [38;5;8m([38;5;11mUpdaterManager[38;5;8m) [38;5;246m-> [38;5;15mDisabled manager in [38;5;11m0ms[38;5;15m![0m
[15:18:02 INFO]: [[38;5;11m⚡[0m] [38;5;8m([38;5;11mModuleManager[38;5;8m) [38;5;246m-> [38;5;15mDisabling manager...[0m
[15:18:02 INFO]: [[38;5;11m⚡[0m]  • Successfully disabled module RedstoneLimiter in 0ms.[0m
[15:18:02 INFO]: [[38;5;11m⚡[0m]  • Successfully disabled module InstantLeafDecay in 0ms.[0m
[15:18:02 INFO]: [[38;5;11m⚡[0m]  • Successfully disabled module LagShield in 0ms.[0m
[15:18:02 INFO]: [[38;5;11m⚡[0m]  • Successfully disabled module MobAiReducer in 0ms.[0m
[15:18:02 INFO]: [[38;5;11m⚡[0m]  • Successfully disabled module AbilityLimiter in 0ms.[0m
[15:18:02 INFO]: [[38;5;11m⚡[0m] [38;5;8m([38;5;11mModuleManager[38;5;8m) [38;5;246m-> [38;5;15mDisabled manager in [38;5;11m0ms[38;5;15m![0m
[15:18:02 INFO]: [[38;5;11m⚡[0m] [38;5;8m([38;5;11mCommandManager[38;5;8m) [38;5;246m-> [38;5;15mDisabling manager...[0m
[15:18:02 INFO]: [[38;5;11m⚡[0m] [38;5;8m([38;5;11mCommandManager[38;5;8m) [38;5;246m-> [38;5;15mDisabled manager in [38;5;11m1ms[38;5;15m![0m
[15:18:02 INFO]: [CMILib] Disabling CMILib v1.5.8.2
[15:18:02 INFO]: [RE4TNT] Disabling RE4TNT v2.0
[15:18:02 INFO]: [DecentHolograms] Disabling DecentHolograms v2.8.14
[15:18:02 INFO]: [LuckPerms] Disabling LuckPerms v5.5.22
[15:18:02 INFO]: [PlaceholderAPI] Unregistered placeholder expansion luckperms
[15:18:02 INFO]: [PlaceholderAPI] Reason: required plugin LuckPerms was disabled.
[15:18:02 INFO]: [LuckPerms] Starting shutdown process...
[15:18:02 INFO]: [LuckPerms] Closing storage...
[15:18:02 INFO]: [LuckPerms] Goodbye!
[15:18:02 INFO]: [HideStream] Disabling HideStream v3.10
[15:18:02 INFO]: [HideStream] Version 3.10 disabled.
[15:18:02 INFO]: [NBTAPI] Disabling NBTAPI v2.15.5
[15:18:02 INFO]: [ViaVersion] Disabling ViaVersion v5.7.0
[15:18:02 INFO]: [ViaVersion] ViaVersion has been disabled; uninjected the platform and shut down the scheduler.
[15:18:02 INFO]: [MultiWorld] Disabling MultiWorld v5.2.8
[15:18:02 INFO]: [MultiWorld] Disabled.
[15:18:02 INFO]: [HolographicDisplays] Disabling HolographicDisplays v3.0.4
[15:18:02 INFO]: [PlaceholderAPI] Disabling PlaceholderAPI v2.11.7
[15:18:02 INFO]: [fmPotionStacker] Disabling fmPotionStacker v1.3
[15:18:02 INFO]: 
[15:18:02 INFO]: » Плагин fmPotionStacker выключился!
[15:18:02 INFO]: » Версия: v1.3
[15:18:02 INFO]: 
[15:18:02 INFO]: [TerraformGenerator] Disabling TerraformGenerator v12.0.0
[15:18:02 INFO]: Saving players
[15:18:03 INFO]: Saving worlds
[15:18:03 INFO]: Saving chunks for level 'ServerLevel[world]'/minecraft:overworld
[15:18:03 INFO]: ThreadedAnvilChunkStorage (world): All chunks are saved
[15:18:03 INFO]: Saving chunks for level 'ServerLevel[world_nether]'/minecraft:the_nether
[15:18:03 INFO]: ThreadedAnvilChunkStorage (DIM-1): All chunks are saved
[15:18:03 INFO]: Saving chunks for level 'ServerLevel[world_the_end]'/minecraft:the_end
[15:18:03 INFO]: ThreadedAnvilChunkStorage (DIM1): All chunks are saved
[15:18:03 INFO]: Saving chunks for level 'ServerLevel[duels]'/minecraft:duels
[15:18:03 INFO]: ThreadedAnvilChunkStorage (duels): All chunks are saved
[15:18:03 INFO]: Saving chunks for level 'ServerLevel[event]'/minecraft:event
[15:18:03 INFO]: ThreadedAnvilChunkStorage (event): All chunks are saved
[15:18:03 INFO]: Saving chunks for level 'ServerLevel[lobby]'/minecraft:lobby
[15:18:03 INFO]: ThreadedAnvilChunkStorage (lobby): All chunks are saved
[15:18:03 INFO]: ThreadedAnvilChunkStorage (world): All chunks are saved
[15:18:03 INFO]: ThreadedAnvilChunkStorage (DIM-1): All chunks are saved
[15:18:03 INFO]: ThreadedAnvilChunkStorage (DIM1): All chunks are saved
[15:18:03 INFO]: ThreadedAnvilChunkStorage (duels): All chunks are saved
[15:18:03 INFO]: ThreadedAnvilChunkStorage (event): All chunks are saved
[15:18:03 INFO]: ThreadedAnvilChunkStorage (lobby): All chunks are saved
[15:18:03 INFO]: Saving usercache.json
[15:18:03 INFO]: Flushing Chunk IO
[15:18:03 INFO]: Closing Thread Pool
[15:18:03 INFO]: Closing Server
